name,year,week,team,opponent,attempts,yds,tds,fl,run
chris carson,2017,1,SEA,GNB,6,39,0,0,53
chris carson,2017,2,SEA,SFO,20,93,0,0,62
chris carson,2017,3,SEA,TEN,11,34,0,0,56
chris carson,2017,4,SEA,IND,12,42,0,0,51
chris carson,2017,5,SEA,LAR,0,0,0,0,0
chris carson,2017,7,SEA,NYG,0,0,0,0,0
chris carson,2017,8,SEA,HOU,0,0,0,0,0
chris carson,2017,9,SEA,WAS,0,0,0,0,0
chris carson,2017,10,SEA,ARI,0,0,0,0,0
chris carson,2017,11,SEA,ATL,0,0,0,0,0
chris carson,2017,12,SEA,SFO,0,0,0,0,0
chris carson,2017,13,SEA,PHI,0,0,0,0,0
chris carson,2017,14,SEA,JAX,0,0,0,0,0
chris carson,2017,15,SEA,LAR,0,0,0,0,0
chris carson,2017,16,SEA,DAL,0,0,0,0,0
chris carson,2017,17,SEA,ARI,0,0,0,0,0
chris carson,2018,1,SEA,DEN,7,51,0,1,44
chris carson,2018,2,SEA,CHI,6,24,0,0,29
chris carson,2018,3,SEA,DAL,32,102,1,0,74
chris carson,2018,4,SEA,ARI,0,0,0,0,0
chris carson,2018,5,SEA,LAR,19,116,0,0,58
chris carson,2018,6,SEA,LVR,14,59,0,0,42
chris carson,2018,8,SEA,DET,25,105,1,0,67
chris carson,2018,9,SEA,LAC,8,40,0,0,12
chris carson,2018,10,SEA,LAR,0,0,0,0,0
chris carson,2018,11,SEA,GNB,17,83,1,1,43
chris carson,2018,12,SEA,CAR,16,55,1,0,52
chris carson,2018,13,SEA,SFO,13,69,0,0,59
chris carson,2018,14,SEA,MIN,22,90,1,0,53
chris carson,2018,15,SEA,SFO,22,119,1,0,52
chris carson,2018,16,SEA,KAN,27,116,2,0,54
chris carson,2018,17,SEA,ARI,19,122,1,0,51
chris carson,2019,1,SEA,CIN,15,46,1,1,76
chris carson,2019,2,SEA,PIT,15,60,0,1,55
chris carson,2019,3,SEA,NOR,15,52,0,1,45
chris carson,2019,4,SEA,ARI,22,104,0,0,76
chris carson,2019,5,SEA,LAR,27,118,0,0,85
chris carson,2019,6,SEA,CLE,24,124,1,0,79
chris carson,2019,7,SEA,BAL,21,65,0,0,89
chris carson,2019,8,SEA,ATL,20,90,1,0,68
chris carson,2019,9,SEA,TAM,16,105,0,1,85
chris carson,2019,10,SEA,SFO,25,89,1,0,96
chris carson,2019,12,SEA,PHI,8,26,0,0,51
chris carson,2019,13,SEA,MIN,23,102,1,0,52
chris carson,2019,14,SEA,LAR,15,76,0,0,83
chris carson,2019,15,SEA,CAR,24,133,2,0,76
chris carson,2019,16,SEA,ARI,8,40,0,0,32
chris carson,2019,17,SEA,SFO,0,0,0,0,0
chris carson,2020,1,SEA,ATL,6,21,0,0,45
chris carson,2020,2,SEA,NWE,17,72,0,0,63
chris carson,2020,3,SEA,DAL,14,64,0,0,58
chris carson,2020,4,SEA,MIA,16,80,2,0,56
chris carson,2020,5,SEA,MIN,8,52,1,0,57
chris carson,2020,7,SEA,ARI,5,34,0,0,18
chris carson,2020,8,SEA,SFO,0,0,0,0,0
chris carson,2020,9,SEA,BUF,0,0,0,0,0
chris carson,2020,10,SEA,LAR,0,0,0,0,0
chris carson,2020,11,SEA,ARI,0,0,0,0,0
chris carson,2020,12,SEA,PHI,8,41,1,0,37
chris carson,2020,13,SEA,NYG,13,65,0,0,58
chris carson,2020,14,SEA,NYJ,12,76,1,0,45
chris carson,2020,15,SEA,WAS,15,63,0,0,70
chris carson,2020,16,SEA,LAR,16,69,0,0,63
chris carson,2020,17,SEA,SFO,11,44,0,0,46
chris carson,2021,1,SEA,IND,16,91,0,1,78
chris carson,2021,2,SEA,TEN,13,31,2,0,63
chris carson,2021,3,SEA,MIN,12,80,1,0,43
chris carson,2021,4,SEA,SFO,13,30,0,0,45
chris carson,2021,5,SEA,LAR,0,0,0,0,0
chris carson,2021,6,SEA,PIT,0,0,0,0,0
chris carson,2021,7,SEA,NOR,0,0,0,0,0
chris carson,2021,8,SEA,JAX,0,0,0,0,0
chris carson,2021,10,SEA,GNB,0,0,0,0,0
chris carson,2021,11,SEA,ARI,0,0,0,0,0
chris carson,2021,12,SEA,WAS,0,0,0,0,0
chris carson,2021,13,SEA,SFO,0,0,0,0,0
darrell henderson,2019,1,LAR,CAR,1,0,0,0,3
darrell henderson,2019,2,LAR,NOR,0,0,0,0,0
darrell henderson,2019,3,LAR,CLE,0,0,0,0,0
darrell henderson,2019,4,LAR,TAM,0,0,0,0,0
darrell henderson,2019,5,LAR,SEA,0,0,0,0,0
darrell henderson,2019,6,LAR,SFO,6,39,0,0,33
darrell henderson,2019,7,LAR,ATL,11,31,0,0,34
darrell henderson,2019,8,LAR,CIN,11,49,0,0,47
darrell henderson,2019,10,LAR,PIT,4,4,0,0,11
darrell henderson,2019,11,LAR,CHI,0,0,0,0,6
darrell henderson,2019,12,LAR,BAL,0,0,0,0,0
darrell henderson,2019,13,LAR,ARI,4,17,0,0,9
darrell henderson,2019,14,LAR,SEA,0,0,0,0,0
darrell henderson,2019,15,LAR,DAL,0,0,0,0,0
darrell henderson,2019,16,LAR,SFO,2,7,0,0,3
darrell henderson,2019,17,LAR,ARI,0,0,0,0,0
darrell henderson,2020,1,LAR,DAL,3,6,0,0,7
darrell henderson,2020,2,LAR,PHI,12,81,1,0,42
darrell henderson,2020,3,LAR,BUF,20,114,1,0,49
darrell henderson,2020,4,LAR,NYG,8,21,0,0,39
darrell henderson,2020,5,LAR,WAS,15,38,1,0,43
darrell henderson,2020,6,LAR,SFO,14,88,0,0,53
darrell henderson,2020,7,LAR,CHI,15,63,0,0,56
darrell henderson,2020,8,LAR,MIA,8,47,0,0,19
darrell henderson,2020,10,LAR,SEA,7,28,1,0,33
darrell henderson,2020,11,LAR,TAM,8,5,0,0,46
darrell henderson,2020,12,LAR,SFO,10,19,0,0,32
darrell henderson,2020,13,LAR,ARI,3,49,1,0,21
darrell henderson,2020,14,LAR,NWE,2,5,0,0,11
darrell henderson,2020,15,LAR,NYJ,1,-2,0,0,12
darrell henderson,2020,16,LAR,SEA,12,62,0,0,41
darrell henderson,2020,17,LAR,ARI,0,0,0,0,0
darrell henderson,2021,1,LAR,CHI,16,70,1,0,94
darrell henderson,2021,2,LAR,IND,13,53,1,0,68
darrell henderson,2021,3,LAR,TAM,0,0,0,0,0
darrell henderson,2021,4,LAR,ARI,14,89,0,0,90
darrell henderson,2021,5,LAR,SEA,17,82,1,0,66
darrell henderson,2021,6,LAR,NYG,21,78,1,0,82
darrell henderson,2021,7,LAR,DET,15,45,0,0,88
darrell henderson,2021,8,LAR,HOU,14,90,1,0,61
darrell henderson,2021,9,LAR,TEN,11,55,0,0,60
darrell henderson,2021,10,LAR,SFO,5,31,0,0,75
darrell henderson,2021,12,LAR,GNB,16,55,0,0,81
darrell henderson,2021,13,LAR,JAX,0,0,0,0,0
eli mitchell,2021,1,SFO,DET,19,104,1,0,64
eli mitchell,2021,2,SFO,PHI,17,42,0,0,61
eli mitchell,2021,5,SFO,ARI,9,43,0,0,68
eli mitchell,2021,7,SFO,IND,18,107,1,0,66
eli mitchell,2021,8,SFO,CHI,18,137,1,0,64
eli mitchell,2021,9,SFO,ARI,8,36,0,0,66
eli mitchell,2021,10,SFO,LAR,27,91,0,0,53
eli mitchell,2021,12,SFO,MIN,27,133,1,0,70
eli mitchell,2021,13,SFO,SEA,22,66,1,0,84
james conner,2017,1,PIT,CLE,4,11,0,0,13
james conner,2017,2,PIT,MIN,1,9,0,0,5
james conner,2017,3,PIT,CHI,0,0,0,0,0
james conner,2017,4,PIT,BAL,4,26,0,0,8
james conner,2017,5,PIT,JAX,3,9,0,0,8
james conner,2017,6,PIT,KAN,2,14,0,0,8
james conner,2017,7,PIT,CIN,3,19,0,0,9
james conner,2017,8,PIT,DET,1,1,0,0,6
james conner,2017,10,PIT,IND,1,12,0,0,2
james conner,2017,11,PIT,TEN,5,12,0,0,11
james conner,2017,12,PIT,GNB,0,0,0,0,1
james conner,2017,13,PIT,CIN,3,12,0,0,5
james conner,2017,14,PIT,BAL,2,6,0,0,8
james conner,2017,15,PIT,NWE,3,13,0,0,14
james conner,2017,16,PIT,HOU,0,0,0,0,0
james conner,2017,17,PIT,CLE,0,0,0,0,0
james conner,2018,1,PIT,CLE,31,135,2,1,92
james conner,2018,2,PIT,KAN,8,17,1,0,88
james conner,2018,3,PIT,TAM,15,61,0,0,85
james conner,2018,4,PIT,BAL,9,19,0,0,79
james conner,2018,5,PIT,ATL,21,110,2,0,74
james conner,2018,6,PIT,CIN,19,111,2,0,90
james conner,2018,8,PIT,CLE,24,146,2,0,79
james conner,2018,9,PIT,BAL,24,107,0,0,84
james conner,2018,10,PIT,CAR,13,65,1,0,40
james conner,2018,11,PIT,JAX,9,25,0,0,89
james conner,2018,12,PIT,DEN,13,53,0,1,86
james conner,2018,13,PIT,LAC,15,60,2,0,72
james conner,2018,14,PIT,LVR,0,0,0,0,0
james conner,2018,15,PIT,NWE,0,0,0,0,0
james conner,2018,16,PIT,NOR,0,0,0,0,0
james conner,2018,17,PIT,CIN,14,64,0,0,47
james conner,2019,1,PIT,NWE,10,21,0,0,46
james conner,2019,2,PIT,SEA,11,33,1,0,55
james conner,2019,3,PIT,SFO,13,43,0,1,68
james conner,2019,4,PIT,CIN,10,42,0,0,66
james conner,2019,5,PIT,BAL,14,55,1,0,79
james conner,2019,6,PIT,LAC,16,41,1,0,49
james conner,2019,8,PIT,MIA,23,145,1,0,82
james conner,2019,9,PIT,IND,0,0,0,0,0
james conner,2019,10,PIT,LAR,0,0,0,0,0
james conner,2019,11,PIT,CLE,5,10,0,0,18
james conner,2019,12,PIT,CIN,0,0,0,0,0
james conner,2019,13,PIT,CLE,0,0,0,0,0
james conner,2019,14,PIT,ARI,0,0,0,0,0
james conner,2019,15,PIT,BUF,8,42,0,0,58
james conner,2019,16,PIT,NYJ,6,32,0,0,13
james conner,2019,17,PIT,BAL,0,0,0,0,0
james conner,2020,1,PIT,NYG,6,9,0,0,23
james conner,2020,2,PIT,DEN,16,106,1,0,77
james conner,2020,3,PIT,HOU,18,109,1,0,66
james conner,2020,5,PIT,PHI,15,44,1,0,62
james conner,2020,6,PIT,CLE,20,101,1,0,66
james conner,2020,7,PIT,TEN,20,82,0,0,84
james conner,2020,8,PIT,BAL,15,47,1,0,57
james conner,2020,9,PIT,DAL,9,22,0,0,46
james conner,2020,10,PIT,CIN,13,36,0,0,88
james conner,2020,11,PIT,JAX,13,89,0,0,69
james conner,2020,12,PIT,BAL,0,0,0,0,0
james conner,2020,13,PIT,WAS,0,0,0,0,0
james conner,2020,14,PIT,BUF,10,18,0,0,40
james conner,2020,15,PIT,CIN,0,0,0,0,0
james conner,2020,16,PIT,IND,5,21,1,0,62
james conner,2020,17,PIT,CLE,9,37,0,0,64
james conner,2021,1,ARI,TEN,16,53,0,0,49
james conner,2021,2,ARI,MIN,8,26,0,0,39
james conner,2021,3,ARI,JAX,11,43,2,0,37
james conner,2021,4,ARI,LAR,18,50,2,0,42
james conner,2021,5,ARI,SFO,10,29,1,0,48
james conner,2021,6,ARI,CLE,16,71,0,0,55
james conner,2021,7,ARI,HOU,10,64,1,0,30
james conner,2021,8,ARI,GNB,5,22,2,0,37
james conner,2021,9,ARI,SFO,21,96,2,0,77
james conner,2021,10,ARI,CAR,10,39,1,0,82
james conner,2021,11,ARI,SEA,21,62,1,0,82
james conner,2021,13,ARI,CHI,20,75,0,0,91
leonard fournette,2017,1,JAX,HOU,26,100,1,0,61
leonard fournette,2017,2,JAX,TEN,14,40,1,0,60
leonard fournette,2017,3,JAX,BAL,17,59,1,0,51
leonard fournette,2017,4,JAX,NYJ,24,86,0,0,50
leonard fournette,2017,5,JAX,PIT,28,181,2,0,72
leonard fournette,2017,6,JAX,LAR,21,130,1,0,59
leonard fournette,2017,7,JAX,IND,0,0,0,0,0
leonard fournette,2017,9,JAX,CIN,0,0,0,0,0
leonard fournette,2017,10,JAX,LAC,17,33,0,0,54
leonard fournette,2017,11,JAX,CLE,28,111,0,0,67
leonard fournette,2017,12,JAX,ARI,12,25,0,0,44
leonard fournette,2017,13,JAX,IND,20,57,1,0,78
leonard fournette,2017,14,JAX,SEA,24,101,1,0,76
leonard fournette,2017,15,JAX,HOU,0,0,0,0,0
leonard fournette,2017,16,JAX,SFO,18,48,1,0,56
leonard fournette,2017,17,JAX,TEN,19,69,0,0,87
leonard fournette,2018,1,JAX,NYG,9,41,0,0,33
leonard fournette,2018,2,JAX,NWE,0,0,0,0,0
leonard fournette,2018,3,JAX,TEN,0,0,0,0,0
leonard fournette,2018,4,JAX,NYJ,11,30,0,0,31
leonard fournette,2018,5,JAX,KAN,0,0,0,0,0
leonard fournette,2018,6,JAX,DAL,0,0,0,0,0
leonard fournette,2018,7,JAX,HOU,0,0,0,0,0
leonard fournette,2018,8,JAX,PHI,0,0,0,0,0
leonard fournette,2018,10,JAX,IND,24,53,1,0,52
leonard fournette,2018,11,JAX,PIT,28,95,1,0,51
leonard fournette,2018,12,JAX,BUF,18,95,2,0,44
leonard fournette,2018,13,JAX,IND,0,0,0,0,0
leonard fournette,2018,14,JAX,TEN,14,36,0,0,77
leonard fournette,2018,15,JAX,WAS,11,46,0,0,50
leonard fournette,2018,16,JAX,MIA,18,43,1,0,73
leonard fournette,2018,17,JAX,HOU,0,0,0,0,0
leonard fournette,2019,1,JAX,KAN,13,66,0,1,86
leonard fournette,2019,2,JAX,HOU,15,47,0,0,97
leonard fournette,2019,3,JAX,TEN,15,66,0,0,100
leonard fournette,2019,4,JAX,DEN,29,225,0,0,84
leonard fournette,2019,5,JAX,CAR,23,108,1,0,92
leonard fournette,2019,6,JAX,NOR,20,72,0,0,95
leonard fournette,2019,7,JAX,CIN,29,131,0,0,90
leonard fournette,2019,8,JAX,NYJ,19,76,0,0,78
leonard fournette,2019,9,JAX,HOU,11,40,0,0,83
leonard fournette,2019,11,JAX,IND,8,23,0,0,71
leonard fournette,2019,12,JAX,TEN,24,97,2,0,95
leonard fournette,2019,13,JAX,TAM,14,38,0,0,91
leonard fournette,2019,14,JAX,LAC,15,50,0,0,77
leonard fournette,2019,15,JAX,LVR,15,42,0,0,96
leonard fournette,2019,16,JAX,ATL,15,71,0,0,94
leonard fournette,2019,17,JAX,IND,0,0,0,0,0
leonard fournette,2020,1,TAM,NOR,5,5,0,0,13
leonard fournette,2020,2,TAM,CAR,12,103,2,0,43
leonard fournette,2020,3,TAM,DEN,7,15,0,0,37
leonard fournette,2020,4,TAM,LAC,0,0,0,0,0
leonard fournette,2020,5,TAM,CHI,0,0,0,0,1
leonard fournette,2020,6,TAM,GNB,0,0,0,0,0
leonard fournette,2020,7,TAM,LVR,11,50,0,0,56
leonard fournette,2020,8,TAM,NYG,15,52,0,0,73
leonard fournette,2020,9,TAM,NOR,1,0,0,0,66
leonard fournette,2020,10,TAM,CAR,8,19,0,0,36
leonard fournette,2020,11,TAM,LAR,7,17,1,0,52
leonard fournette,2020,12,TAM,KAN,3,10,0,0,56
leonard fournette,2020,14,TAM,MIN,0,0,0,0,0
leonard fournette,2020,15,TAM,ATL,14,49,2,0,66
leonard fournette,2020,16,TAM,DET,9,34,1,0,32
leonard fournette,2020,17,TAM,ATL,5,13,0,0,45
leonard fournette,2021,1,TAM,DAL,9,32,0,0,65
leonard fournette,2021,2,TAM,ATL,11,52,0,0,49
leonard fournette,2021,3,TAM,LAR,4,8,0,0,36
leonard fournette,2021,4,TAM,NWE,20,92,0,0,82
leonard fournette,2021,5,TAM,MIA,12,67,1,0,62
leonard fournette,2021,6,TAM,PHI,22,81,2,0,63
leonard fournette,2021,7,TAM,CHI,15,81,1,0,53
leonard fournette,2021,8,TAM,NOR,8,26,0,0,61
leonard fournette,2021,10,TAM,WAS,11,47,0,0,65
leonard fournette,2021,11,TAM,NYG,10,35,0,0,59
leonard fournette,2021,12,TAM,IND,17,100,3,0,81
leonard fournette,2021,13,TAM,ATL,13,44,0,0,87
alvin kamara,2017,1,NOR,MIN,7,18,0,0,50
alvin kamara,2017,2,NOR,NWE,1,3,0,0,26
alvin kamara,2017,3,NOR,CAR,2,37,1,0,29
alvin kamara,2017,4,NOR,MIA,5,25,0,0,35
alvin kamara,2017,6,NOR,DET,10,75,0,0,44
alvin kamara,2017,7,NOR,GNB,9,57,0,0,49
alvin kamara,2017,8,NOR,CHI,8,28,1,0,51
alvin kamara,2017,9,NOR,TAM,10,68,1,1,43
alvin kamara,2017,10,NOR,BUF,12,106,1,0,38
alvin kamara,2017,11,NOR,WAS,8,42,0,0,65
alvin kamara,2017,12,NOR,LAR,5,87,1,0,56
alvin kamara,2017,13,NOR,CAR,9,60,2,0,58
alvin kamara,2017,14,NOR,ATL,1,2,0,0,12
alvin kamara,2017,15,NOR,NYJ,12,44,0,0,48
alvin kamara,2017,16,NOR,ATL,12,32,0,0,58
alvin kamara,2017,17,NOR,TAM,9,44,1,0,53
alvin kamara,2018,1,NOR,TAM,8,29,2,0,81
alvin kamara,2018,2,NOR,CLE,13,46,0,0,77
alvin kamara,2018,3,NOR,ATL,16,66,0,0,85
alvin kamara,2018,4,NOR,NYG,19,134,3,0,84
alvin kamara,2018,5,NOR,WAS,6,24,0,0,47
alvin kamara,2018,7,NOR,BAL,17,64,1,0,55
alvin kamara,2018,8,NOR,MIN,13,45,1,0,72
alvin kamara,2018,9,NOR,LAR,19,82,2,0,58
alvin kamara,2018,10,NOR,CIN,12,56,2,0,45
alvin kamara,2018,11,NOR,PHI,13,71,0,0,63
alvin kamara,2018,12,NOR,ATL,14,89,0,0,65
alvin kamara,2018,13,NOR,DAL,11,36,0,0,69
alvin kamara,2018,14,NOR,TAM,12,51,0,0,64
alvin kamara,2018,15,NOR,CAR,14,67,1,0,64
alvin kamara,2018,16,NOR,PIT,7,23,2,0,61
alvin kamara,2018,17,NOR,CAR,0,0,0,0,0
alvin kamara,2019,1,NOR,HOU,13,97,0,0,76
alvin kamara,2019,2,NOR,LAR,13,45,0,0,63
alvin kamara,2019,3,NOR,SEA,16,69,1,0,88
alvin kamara,2019,4,NOR,DAL,17,69,0,0,79
alvin kamara,2019,5,NOR,TAM,16,62,0,0,68
alvin kamara,2019,6,NOR,JAX,11,31,0,0,59
alvin kamara,2019,7,NOR,CHI,0,0,0,0,0
alvin kamara,2019,8,NOR,ARI,0,0,0,0,0
alvin kamara,2019,10,NOR,ATL,4,24,0,0,79
alvin kamara,2019,11,NOR,TAM,13,75,0,0,63
alvin kamara,2019,12,NOR,CAR,11,54,0,0,67
alvin kamara,2019,13,NOR,ATL,11,61,0,0,82
alvin kamara,2019,14,NOR,SFO,13,25,0,1,76
alvin kamara,2019,15,NOR,IND,14,66,0,0,63
alvin kamara,2019,16,NOR,TEN,11,80,2,0,63
alvin kamara,2019,17,NOR,CAR,8,39,2,0,41
alvin kamara,2020,1,NOR,TAM,12,16,1,0,66
alvin kamara,2020,2,NOR,LVR,13,79,2,0,68
alvin kamara,2020,3,NOR,GNB,6,58,0,0,67
alvin kamara,2020,4,NOR,DET,19,83,1,0,67
alvin kamara,2020,5,NOR,LAC,11,45,0,0,76
alvin kamara,2020,7,NOR,CAR,14,83,0,0,73
alvin kamara,2020,8,NOR,CHI,12,67,0,0,78
alvin kamara,2020,9,NOR,TAM,9,40,1,0,51
alvin kamara,2020,10,NOR,SFO,8,15,2,0,66
alvin kamara,2020,11,NOR,ATL,13,45,1,0,49
alvin kamara,2020,12,NOR,DEN,11,54,0,0,48
alvin kamara,2020,13,NOR,ATL,15,88,1,0,62
alvin kamara,2020,14,NOR,PHI,11,50,1,0,71
alvin kamara,2020,15,NOR,KAN,11,54,0,0,73
alvin kamara,2020,16,NOR,MIN,22,155,6,0,60
alvin kamara,2020,17,NOR,CAR,0,0,0,0,0
alvin kamara,2021,1,NOR,GNB,20,83,0,0,73
alvin kamara,2021,2,NOR,CAR,8,5,0,0,84
alvin kamara,2021,3,NOR,NWE,24,89,0,0,84
alvin kamara,2021,4,NOR,NYG,26,120,0,0,87
alvin kamara,2021,5,NOR,WAS,16,71,1,0,88
alvin kamara,2021,7,NOR,SEA,20,51,0,0,82
alvin kamara,2021,8,NOR,TAM,19,61,1,0,67
alvin kamara,2021,9,NOR,ATL,13,50,1,0,68
alvin kamara,2021,10,NOR,TEN,0,0,0,0,0
alvin kamara,2021,11,NOR,PHI,0,0,0,0,0
alvin kamara,2021,12,NOR,BUF,0,0,0,0,0
alvin kamara,2021,13,NOR,DAL,0,0,0,0,0
christian mccafferey,2017,1,CAR,SFO,13,47,0,1,70
christian mccafferey,2017,2,CAR,BUF,8,10,0,0,64
christian mccafferey,2017,3,CAR,NOR,4,16,0,0,69
christian mccafferey,2017,4,CAR,NWE,6,16,0,0,76
christian mccafferey,2017,5,CAR,DET,3,7,0,0,56
christian mccafferey,2017,6,CAR,PHI,4,8,0,0,74
christian mccafferey,2017,7,CAR,CHI,7,10,0,0,74
christian mccafferey,2017,8,CAR,TAM,4,3,0,0,58
christian mccafferey,2017,9,CAR,ATL,15,66,1,0,82
christian mccafferey,2017,10,CAR,MIA,5,23,1,0,58
christian mccafferey,2017,12,CAR,NYJ,7,62,0,0,69
christian mccafferey,2017,13,CAR,NOR,6,16,0,0,70
christian mccafferey,2017,14,CAR,MIN,8,35,0,0,67
christian mccafferey,2017,15,CAR,GNB,12,63,0,0,69
christian mccafferey,2017,16,CAR,TAM,9,39,0,0,80
christian mccafferey,2017,17,CAR,ATL,6,14,0,0,85
christian mccafferey,2018,1,CAR,DAL,10,50,0,1,85
christian mccafferey,2018,2,CAR,ATL,8,37,0,0,94
christian mccafferey,2018,3,CAR,CIN,28,184,0,0,100
christian mccafferey,2018,5,CAR,NYG,17,58,0,0,97
christian mccafferey,2018,6,CAR,WAS,8,20,0,0,100
christian mccafferey,2018,7,CAR,PHI,7,29,0,0,100
christian mccafferey,2018,8,CAR,BAL,14,45,1,0,98
christian mccafferey,2018,9,CAR,TAM,17,79,2,0,98
christian mccafferey,2018,10,CAR,PIT,14,77,1,0,95
christian mccafferey,2018,11,CAR,DET,13,53,0,0,100
christian mccafferey,2018,12,CAR,SEA,17,125,1,0,100
christian mccafferey,2018,13,CAR,TAM,10,106,0,0,100
christian mccafferey,2018,14,CAR,CLE,16,63,2,0,100
christian mccafferey,2018,15,CAR,NOR,15,53,0,0,100
christian mccafferey,2018,16,CAR,ATL,21,101,0,0,90
christian mccafferey,2018,17,CAR,NOR,4,18,0,0,14
christian mccafferey,2019,1,CAR,LAR,19,128,2,0,100
christian mccafferey,2019,2,CAR,TAM,16,37,0,0,100
christian mccafferey,2019,3,CAR,ARI,24,153,1,0,93
christian mccafferey,2019,4,CAR,HOU,27,93,1,0,100
christian mccafferey,2019,5,CAR,JAX,19,176,2,0,86
christian mccafferey,2019,6,CAR,TAM,22,31,1,0,94
christian mccafferey,2019,8,CAR,SFO,14,117,1,0,78
christian mccafferey,2019,9,CAR,TEN,24,146,2,0,86
christian mccafferey,2019,10,CAR,GNB,20,108,1,0,100
christian mccafferey,2019,11,CAR,ATL,14,70,0,0,93
christian mccafferey,2019,12,CAR,NOR,22,64,1,0,100
christian mccafferey,2019,13,CAR,WAS,14,44,0,0,99
christian mccafferey,2019,14,CAR,ATL,11,53,0,0,99
christian mccafferey,2019,15,CAR,SEA,19,87,2,0,100
christian mccafferey,2019,16,CAR,IND,13,54,0,0,90
christian mccafferey,2019,17,CAR,NOR,9,26,1,0,72
christian mccafferey,2020,1,CAR,LVR,23,97,2,0,97
christian mccafferey,2020,2,CAR,TAM,18,59,2,0,64
christian mccafferey,2020,3,CAR,LAC,0,0,0,0,0
christian mccafferey,2020,4,CAR,ARI,0,0,0,0,0
christian mccafferey,2020,5,CAR,ATL,0,0,0,0,0
christian mccafferey,2020,6,CAR,CHI,0,0,0,0,0
christian mccafferey,2020,7,CAR,NOR,0,0,0,0,0
christian mccafferey,2020,8,CAR,ATL,0,0,0,0,0
christian mccafferey,2020,9,CAR,KAN,18,69,1,0,71
christian mccafferey,2020,10,CAR,TAM,0,0,0,0,0
christian mccafferey,2020,11,CAR,DET,0,0,0,0,0
christian mccafferey,2020,12,CAR,MIN,0,0,0,0,0
christian mccafferey,2020,14,CAR,DEN,0,0,0,0,0
christian mccafferey,2020,15,CAR,GNB,0,0,0,0,0
christian mccafferey,2020,16,CAR,WAS,0,0,0,0,0
christian mccafferey,2020,17,CAR,NOR,0,0,0,0,0
christian mccafferey,2021,1,CAR,NYJ,21,98,0,0,89
christian mccafferey,2021,2,CAR,NOR,24,72,1,0,71
christian mccafferey,2021,3,CAR,HOU,7,31,0,0,30
christian mccafferey,2021,4,CAR,DAL,0,0,0,0,0
christian mccafferey,2021,5,CAR,PHI,0,0,0,0,0
christian mccafferey,2021,6,CAR,MIN,0,0,0,0,0
christian mccafferey,2021,7,CAR,NYG,0,0,0,0,0
christian mccafferey,2021,8,CAR,ATL,0,0,0,0,0
christian mccafferey,2021,9,CAR,NWE,14,52,0,0,49
christian mccafferey,2021,10,CAR,ARI,13,95,0,0,59
christian mccafferey,2021,11,CAR,WAS,10,59,0,0,90
christian mccafferey,2021,12,CAR,MIA,10,35,0,0,36
ezekiel elliot,2016,1,DAL,NYG,20,51,1,0,62
ezekiel elliot,2016,2,DAL,WAS,21,83,1,1,63
ezekiel elliot,2016,3,DAL,CHI,30,140,0,0,75
ezekiel elliot,2016,4,DAL,SFO,23,138,1,0,62
ezekiel elliot,2016,5,DAL,CIN,15,134,2,0,79
ezekiel elliot,2016,6,DAL,GNB,28,157,0,0,91
ezekiel elliot,2016,8,DAL,PHI,22,96,0,0,83
ezekiel elliot,2016,9,DAL,CLE,18,92,2,0,60
ezekiel elliot,2016,10,DAL,PIT,21,114,2,0,66
ezekiel elliot,2016,11,DAL,BAL,25,97,0,0,70
ezekiel elliot,2016,12,DAL,WAS,20,97,2,0,82
ezekiel elliot,2016,13,DAL,MIN,20,86,1,0,83
ezekiel elliot,2016,14,DAL,NYG,24,107,0,0,67
ezekiel elliot,2016,15,DAL,TAM,23,159,1,0,78
ezekiel elliot,2016,16,DAL,DET,12,80,2,0,51
ezekiel elliot,2016,17,DAL,PHI,0,0,0,0,0
ezekiel elliot,2017,1,DAL,NYG,24,104,0,0,81
ezekiel elliot,2017,2,DAL,DEN,9,8,0,0,89
ezekiel elliot,2017,3,DAL,ARI,22,80,1,0,91
ezekiel elliot,2017,4,DAL,LAR,21,85,1,0,90
ezekiel elliot,2017,5,DAL,GNB,29,116,0,0,86
ezekiel elliot,2017,7,DAL,SFO,26,147,2,0,67
ezekiel elliot,2017,8,DAL,WAS,33,150,2,1,85
ezekiel elliot,2017,9,DAL,KAN,27,93,1,0,93
ezekiel elliot,2017,10,DAL,ATL,0,0,0,0,0
ezekiel elliot,2017,11,DAL,PHI,0,0,0,0,0
ezekiel elliot,2017,12,DAL,LAC,0,0,0,0,0
ezekiel elliot,2017,13,DAL,WAS,0,0,0,0,0
ezekiel elliot,2017,14,DAL,NYG,0,0,0,0,0
ezekiel elliot,2017,15,DAL,LVR,0,0,0,0,0
ezekiel elliot,2017,16,DAL,SEA,24,97,0,0,89
ezekiel elliot,2017,17,DAL,PHI,27,103,0,0,87
ezekiel elliot,2018,1,DAL,CAR,15,69,1,0,92
ezekiel elliot,2018,2,DAL,NYG,17,78,1,0,94
ezekiel elliot,2018,3,DAL,SEA,16,127,0,1,95
ezekiel elliot,2018,4,DAL,DET,25,152,0,0,77
ezekiel elliot,2018,5,DAL,HOU,20,54,0,0,81
ezekiel elliot,2018,6,DAL,JAX,24,106,1,0,86
ezekiel elliot,2018,7,DAL,WAS,15,33,0,0,100
ezekiel elliot,2018,9,DAL,TEN,17,61,0,0,88
ezekiel elliot,2018,10,DAL,PHI,19,151,1,0,88
ezekiel elliot,2018,11,DAL,ATL,23,122,1,0,88
ezekiel elliot,2018,12,DAL,WAS,26,121,1,0,93
ezekiel elliot,2018,13,DAL,NOR,23,75,0,0,89
ezekiel elliot,2018,14,DAL,PHI,28,113,0,0,87
ezekiel elliot,2018,15,DAL,IND,18,87,0,0,88
ezekiel elliot,2018,16,DAL,TAM,18,85,0,0,94
ezekiel elliot,2018,17,DAL,NYG,0,0,0,0,0
ezekiel elliot,2019,1,DAL,NYG,13,53,1,0,54
ezekiel elliot,2019,2,DAL,WAS,23,111,1,0,77
ezekiel elliot,2019,3,DAL,MIA,19,125,0,0,67
ezekiel elliot,2019,4,DAL,NOR,18,35,1,1,97
ezekiel elliot,2019,5,DAL,GNB,12,62,1,0,93
ezekiel elliot,2019,6,DAL,NYJ,28,105,1,0,91
ezekiel elliot,2019,7,DAL,PHI,22,111,1,0,80
ezekiel elliot,2019,9,DAL,NYG,23,139,0,0,83
ezekiel elliot,2019,10,DAL,MIN,20,47,0,0,99
ezekiel elliot,2019,11,DAL,DET,16,45,1,1,89
ezekiel elliot,2019,12,DAL,NWE,21,86,0,0,87
ezekiel elliot,2019,13,DAL,BUF,12,71,0,0,88
ezekiel elliot,2019,14,DAL,CHI,19,81,2,0,99
ezekiel elliot,2019,15,DAL,LAR,24,117,2,0,71
ezekiel elliot,2019,16,DAL,PHI,13,47,0,0,97
ezekiel elliot,2019,17,DAL,WAS,18,122,1,0,67
ezekiel elliot,2020,1,DAL,LAR,22,96,1,0,88
ezekiel elliot,2020,2,DAL,ATL,22,89,1,1,93
ezekiel elliot,2020,3,DAL,SEA,14,34,1,0,98
ezekiel elliot,2020,4,DAL,CLE,12,54,0,1,77
ezekiel elliot,2020,5,DAL,NYG,19,91,2,0,82
ezekiel elliot,2020,6,DAL,ARI,12,49,0,2,61
ezekiel elliot,2020,7,DAL,WAS,12,45,0,0,67
ezekiel elliot,2020,8,DAL,PHI,19,63,0,0,78
ezekiel elliot,2020,9,DAL,PIT,18,51,0,0,65
ezekiel elliot,2020,11,DAL,MIN,21,103,0,0,70
ezekiel elliot,2020,12,DAL,WAS,10,32,0,1,66
ezekiel elliot,2020,13,DAL,BAL,18,77,0,0,63
ezekiel elliot,2020,14,DAL,CIN,12,48,0,0,63
ezekiel elliot,2020,15,DAL,SFO,0,0,0,0,0
ezekiel elliot,2020,16,DAL,PHI,19,105,0,0,53
ezekiel elliot,2020,17,DAL,NYG,14,42,1,0,58
ezekiel elliot,2021,1,DAL,TAM,11,33,0,0,83
ezekiel elliot,2021,2,DAL,LAC,16,71,1,0,71
ezekiel elliot,2021,3,DAL,PHI,17,95,2,0,70
ezekiel elliot,2021,4,DAL,CAR,20,143,1,0,75
ezekiel elliot,2021,5,DAL,NYG,21,110,1,0,60
ezekiel elliot,2021,6,DAL,NWE,17,69,0,0,71
ezekiel elliot,2021,8,DAL,MIN,16,50,0,0,75
ezekiel elliot,2021,9,DAL,DEN,10,51,0,0,53
ezekiel elliot,2021,10,DAL,ATL,14,41,2,1,49
ezekiel elliot,2021,11,DAL,KAN,9,32,0,0,69
ezekiel elliot,2021,12,DAL,LVR,9,25,1,0,64
ezekiel elliot,2021,13,DAL,NOR,13,45,0,0,64
saquan barkley,2018,1,NYG,JAX,18,106,1,0,77
saquan barkley,2018,2,NYG,DAL,11,28,0,0,85
saquan barkley,2018,3,NYG,HOU,17,82,1,0,71
saquan barkley,2018,4,NYG,NOR,10,44,1,0,87
saquan barkley,2018,5,NYG,CAR,15,48,0,0,86
saquan barkley,2018,6,NYG,PHI,13,130,1,0,77
saquan barkley,2018,7,NYG,ATL,14,43,1,0,92
saquan barkley,2018,8,NYG,WAS,13,38,0,0,97
saquan barkley,2018,10,NYG,SFO,20,67,0,0,92
saquan barkley,2018,11,NYG,TAM,27,142,2,0,89
saquan barkley,2018,12,NYG,PHI,13,101,1,0,77
saquan barkley,2018,13,NYG,CHI,24,125,0,0,79
saquan barkley,2018,14,NYG,WAS,14,170,1,0,48
saquan barkley,2018,15,NYG,TEN,14,31,0,0,100
saquan barkley,2018,16,NYG,IND,21,43,1,0,88
saquan barkley,2018,17,NYG,DAL,17,109,1,0,83
saquan barkley,2019,1,NYG,DAL,11,120,0,0,79
saquan barkley,2019,2,NYG,BUF,18,107,1,0,88
saquan barkley,2019,3,NYG,TAM,8,10,0,0,37
saquan barkley,2019,4,NYG,WAS,0,0,0,0,0
saquan barkley,2019,5,NYG,MIN,0,0,0,0,0
saquan barkley,2019,6,NYG,NWE,0,0,0,0,0
saquan barkley,2019,7,NYG,ARI,18,72,1,0,86
saquan barkley,2019,8,NYG,DET,19,64,0,0,82
saquan barkley,2019,9,NYG,DAL,14,28,0,0,82
saquan barkley,2019,10,NYG,NYJ,13,1,0,0,81
saquan barkley,2019,12,NYG,CHI,17,59,0,0,97
saquan barkley,2019,13,NYG,GNB,19,83,0,0,95
saquan barkley,2019,14,NYG,PHI,17,66,0,0,94
saquan barkley,2019,15,NYG,MIA,24,112,2,0,79
saquan barkley,2019,16,NYG,WAS,22,189,1,0,97
saquan barkley,2019,17,NYG,PHI,17,92,1,0,86
saquan barkley,2020,1,NYG,PIT,15,6,0,0,87
saquan barkley,2020,2,NYG,CHI,4,28,0,0,12
saquan barkley,2020,3,NYG,SFO,0,0,0,0,0
saquan barkley,2020,4,NYG,LAR,0,0,0,0,0
saquan barkley,2020,5,NYG,DAL,0,0,0,0,0
saquan barkley,2020,6,NYG,WAS,0,0,0,0,0
saquan barkley,2020,7,NYG,PHI,0,0,0,0,0
saquan barkley,2020,8,NYG,TAM,0,0,0,0,0
saquan barkley,2020,9,NYG,WAS,0,0,0,0,0
saquan barkley,2020,10,NYG,PHI,0,0,0,0,0
saquan barkley,2020,12,NYG,CIN,0,0,0,0,0
saquan barkley,2020,13,NYG,SEA,0,0,0,0,0
saquan barkley,2020,14,NYG,ARI,0,0,0,0,0
saquan barkley,2020,15,NYG,CLE,0,0,0,0,0
saquan barkley,2020,16,NYG,BAL,0,0,0,0,0
saquan barkley,2020,17,NYG,DAL,0,0,0,0,0
saquan barkley,2021,1,NYG,DEN,10,26,0,0,48
saquan barkley,2021,2,NYG,WAS,13,57,0,0,84
saquan barkley,2021,3,NYG,ATL,16,51,1,0,86
saquan barkley,2021,4,NYG,NOR,13,52,1,0,89
saquan barkley,2021,5,NYG,DAL,2,9,0,0,9
saquan barkley,2021,6,NYG,LAR,0,0,0,0,0
saquan barkley,2021,7,NYG,CAR,0,0,0,0,0
saquan barkley,2021,8,NYG,KAN,0,0,0,0,0
saquan barkley,2021,9,NYG,LVR,0,0,0,0,0
saquan barkley,2021,11,NYG,TAM,6,25,0,0,62
saquan barkley,2021,12,NYG,PHI,13,40,0,0,87
saquan barkley,2021,13,NYG,MIA,11,55,0,0,75
miles sanders,2019,1,PHI,WAS,11,25,0,0,49
miles sanders,2019,2,PHI,ATL,10,28,0,0,43
miles sanders,2019,3,PHI,DET,13,53,0,1,34
miles sanders,2019,4,PHI,GNB,11,72,0,0,35
miles sanders,2019,5,PHI,NYJ,9,15,0,0,42
miles sanders,2019,6,PHI,MIN,3,6,0,0,30
miles sanders,2019,7,PHI,DAL,6,21,0,0,53
miles sanders,2019,8,PHI,BUF,3,74,1,0,18
miles sanders,2019,9,PHI,CHI,10,42,0,0,38
miles sanders,2019,11,PHI,NWE,11,38,0,0,85
miles sanders,2019,12,PHI,SEA,12,63,0,0,85
miles sanders,2019,13,PHI,MIA,17,83,0,0,88
miles sanders,2019,14,PHI,NYG,15,45,0,0,57
miles sanders,2019,15,PHI,WAS,19,122,1,0,71
miles sanders,2019,16,PHI,DAL,20,79,1,0,81
miles sanders,2019,17,PHI,NYG,9,52,0,0,31
miles sanders,2020,1,PHI,WAS,0,0,0,0,0
miles sanders,2020,2,PHI,LAR,20,95,1,1,77
miles sanders,2020,3,PHI,CIN,18,95,0,0,78
miles sanders,2020,4,PHI,SFO,13,46,0,0,77
miles sanders,2020,5,PHI,PIT,11,80,2,0,85
miles sanders,2020,6,PHI,BAL,9,118,0,0,40
miles sanders,2020,7,PHI,NYG,0,0,0,0,0
miles sanders,2020,8,PHI,DAL,0,0,0,0,0
miles sanders,2020,10,PHI,NYG,15,85,0,0,72
miles sanders,2020,11,PHI,CLE,16,66,0,1,60
miles sanders,2020,12,PHI,SEA,6,15,0,0,61
miles sanders,2020,13,PHI,GNB,10,31,0,0,56
miles sanders,2020,14,PHI,NOR,14,115,2,0,81
miles sanders,2020,15,PHI,ARI,17,64,0,0,82
miles sanders,2020,16,PHI,DAL,15,57,1,0,78
miles sanders,2020,17,PHI,WAS,0,0,0,0,0
miles sanders,2021,1,PHI,ATL,15,74,0,0,66
miles sanders,2021,2,PHI,SFO,13,55,0,0,67
miles sanders,2021,3,PHI,DAL,2,27,0,0,60
miles sanders,2021,4,PHI,KAN,7,13,0,0,64
miles sanders,2021,5,PHI,CAR,11,45,0,0,75
miles sanders,2021,6,PHI,TAM,9,56,0,0,83
miles sanders,2021,7,PHI,LVR,6,30,0,0,17
miles sanders,2021,8,PHI,DET,0,0,0,0,0
miles sanders,2021,9,PHI,LAC,0,0,0,0,0
miles sanders,2021,10,PHI,DEN,0,0,0,0,0
miles sanders,2021,11,PHI,NOR,16,94,0,1,46
miles sanders,2021,12,PHI,NYG,9,64,0,0,33
miles sanders,2021,13,PHI,NYJ,24,120,0,0,58
antonio gibson,2020,1,WAS,PHI,9,36,0,0,26
antonio gibson,2020,2,WAS,ARI,13,55,1,0,65
antonio gibson,2020,3,WAS,CLE,9,49,1,1,39
antonio gibson,2020,4,WAS,BAL,13,46,1,0,44
antonio gibson,2020,5,WAS,LAR,11,27,0,0,56
antonio gibson,2020,6,WAS,NYG,9,30,0,0,37
antonio gibson,2020,7,WAS,DAL,20,128,1,0,48
antonio gibson,2020,9,WAS,NYG,6,20,1,1,46
antonio gibson,2020,10,WAS,DET,13,45,2,0,38
antonio gibson,2020,11,WAS,CIN,16,94,1,0,53
antonio gibson,2020,12,WAS,DAL,20,115,3,0,65
antonio gibson,2020,13,WAS,PIT,2,14,0,0,6
antonio gibson,2020,14,WAS,SFO,0,0,0,0,0
antonio gibson,2020,15,WAS,SEA,0,0,0,0,0
antonio gibson,2020,16,WAS,CAR,10,61,0,0,30
antonio gibson,2020,17,WAS,PHI,19,75,0,0,59
antonio gibson,2021,1,WAS,LAC,20,90,0,1,65
antonio gibson,2021,2,WAS,NYG,13,69,0,0,61
antonio gibson,2021,3,WAS,BUF,12,31,0,0,57
antonio gibson,2021,4,WAS,ATL,14,63,1,0,55
antonio gibson,2021,5,WAS,NOR,20,60,2,0,57
antonio gibson,2021,6,WAS,KAN,10,44,0,1,39
antonio gibson,2021,7,WAS,GNB,14,51,0,0,42
antonio gibson,2021,8,WAS,DEN,8,34,0,0,33
antonio gibson,2021,10,WAS,TAM,24,64,2,0,63
antonio gibson,2021,11,WAS,CAR,19,95,0,1,49
antonio gibson,2021,12,WAS,SEA,29,111,0,0,68
antonio gibson,2021,13,WAS,LVR,23,88,0,0,82
aaron jones,2017,1,GNB,SEA,0,0,0,0,0
aaron jones,2017,2,GNB,ATL,0,0,0,0,0
aaron jones,2017,3,GNB,CIN,0,0,0,0,0
aaron jones,2017,4,GNB,CHI,13,49,1,0,55
aaron jones,2017,5,GNB,DAL,19,125,1,0,88
aaron jones,2017,6,GNB,MIN,13,41,0,0,65
aaron jones,2017,7,GNB,NOR,17,131,1,0,80
aaron jones,2017,9,GNB,DET,5,12,0,0,34
aaron jones,2017,10,GNB,CHI,3,12,0,0,9
aaron jones,2017,11,GNB,BAL,0,0,0,0,0
aaron jones,2017,12,GNB,PIT,0,0,0,0,0
aaron jones,2017,13,GNB,TAM,1,20,1,0,4
aaron jones,2017,14,GNB,CLE,4,-2,0,0,11
aaron jones,2017,15,GNB,CAR,3,47,0,0,38
aaron jones,2017,16,GNB,MIN,3,13,0,0,6
aaron jones,2017,17,GNB,DET,0,0,0,0,0
aaron jones,2018,1,GNB,CHI,0,0,0,0,0
aaron jones,2018,2,GNB,MIN,0,0,0,0,0
aaron jones,2018,3,GNB,WAS,6,42,0,0,25
aaron jones,2018,4,GNB,BUF,11,65,1,0,38
aaron jones,2018,5,GNB,DET,7,40,0,0,27
aaron jones,2018,6,GNB,SFO,8,41,0,0,27
aaron jones,2018,8,GNB,LAR,12,86,1,0,62
aaron jones,2018,9,GNB,NWE,14,75,0,1,58
aaron jones,2018,10,GNB,MIA,15,145,2,0,74
aaron jones,2018,11,GNB,SEA,11,40,1,0,90
aaron jones,2018,12,GNB,MIN,17,72,1,0,75
aaron jones,2018,13,GNB,ARI,11,36,1,0,51
aaron jones,2018,14,GNB,ATL,17,78,1,0,65
aaron jones,2018,15,GNB,CHI,4,8,0,0,10
aaron jones,2018,16,GNB,NYJ,0,0,0,0,0
aaron jones,2018,17,GNB,DET,0,0,0,0,0
aaron jones,2019,1,GNB,CHI,13,39,0,0,61
aaron jones,2019,2,GNB,MIN,23,116,1,0,59
aaron jones,2019,3,GNB,DEN,10,19,2,0,39
aaron jones,2019,4,GNB,PHI,13,21,1,0,84
aaron jones,2019,5,GNB,DAL,19,107,4,0,67
aaron jones,2019,6,GNB,DET,11,47,0,1,49
aaron jones,2019,7,GNB,LVR,12,50,0,0,57
aaron jones,2019,8,GNB,KAN,13,67,0,0,63
aaron jones,2019,9,GNB,LAC,8,30,0,0,60
aaron jones,2019,10,GNB,CAR,13,93,3,0,50
aaron jones,2019,12,GNB,SFO,13,38,0,0,52
aaron jones,2019,13,GNB,NYG,11,18,0,0,58
aaron jones,2019,14,GNB,WAS,16,134,1,0,58
aaron jones,2019,15,GNB,CHI,13,51,2,0,59
aaron jones,2019,16,GNB,MIN,23,154,2,1,68
aaron jones,2019,17,GNB,DET,25,100,0,0,85
aaron jones,2020,1,GNB,MIN,16,66,1,0,54
aaron jones,2020,2,GNB,DET,18,168,2,0,48
aaron jones,2020,3,GNB,NOR,16,69,1,0,71
aaron jones,2020,4,GNB,ATL,15,71,0,0,52
aaron jones,2020,6,GNB,TAM,10,15,1,0,57
aaron jones,2020,7,GNB,HOU,0,0,0,0,0
aaron jones,2020,8,GNB,MIN,0,0,0,0,0
aaron jones,2020,9,GNB,SFO,15,58,0,0,61
aaron jones,2020,10,GNB,JAX,13,46,0,0,63
aaron jones,2020,11,GNB,IND,10,41,1,0,50
aaron jones,2020,12,GNB,CHI,17,90,0,0,54
aaron jones,2020,13,GNB,PHI,15,130,1,0,66
aaron jones,2020,14,GNB,DET,15,69,0,0,70
aaron jones,2020,15,GNB,CAR,20,145,1,0,90
aaron jones,2020,16,GNB,TEN,10,94,0,0,38
aaron jones,2020,17,GNB,CHI,11,42,1,0,70
aaron jones,2021,1,GNB,NOR,5,9,0,0,49
aaron jones,2021,2,GNB,DET,17,67,1,0,69
aaron jones,2021,3,GNB,SFO,19,82,1,0,73
aaron jones,2021,4,GNB,PIT,15,48,0,1,63
aaron jones,2021,5,GNB,CIN,14,103,0,0,69
aaron jones,2021,6,GNB,CHI,13,76,0,0,59
aaron jones,2021,7,GNB,WAS,6,19,0,0,73
aaron jones,2021,8,GNB,ARI,15,59,1,0,66
aaron jones,2021,9,GNB,KAN,12,53,0,0,63
aaron jones,2021,10,GNB,SEA,7,25,0,0,46
aaron jones,2021,11,GNB,MIN,0,0,0,0,0
aaron jones,2021,12,GNB,LAR,10,23,0,0,49
deandre swift,2020,1,DET,CHI,3,8,1,0,44
deandre swift,2020,2,DET,GNB,5,12,0,0,34
deandre swift,2020,3,DET,ARI,0,0,0,0,9
deandre swift,2020,4,DET,NOR,4,22,0,0,38
deandre swift,2020,6,DET,JAX,14,116,2,0,38
deandre swift,2020,7,DET,ATL,9,27,1,0,46
deandre swift,2020,8,DET,IND,6,1,0,0,62
deandre swift,2020,9,DET,MIN,13,64,0,0,40
deandre swift,2020,10,DET,WAS,16,81,0,0,73
deandre swift,2020,11,DET,CAR,0,0,0,0,0
deandre swift,2020,12,DET,HOU,0,0,0,0,0
deandre swift,2020,13,DET,CHI,0,0,0,0,0
deandre swift,2020,14,DET,GNB,7,24,1,0,54
deandre swift,2020,15,DET,TEN,15,67,2,1,65
deandre swift,2020,16,DET,TAM,10,45,0,1,68
deandre swift,2020,17,DET,MIN,12,54,1,0,57
deandre swift,2021,1,DET,SFO,11,39,0,0,68
deandre swift,2021,2,DET,GNB,8,37,0,0,63
deandre swift,2021,3,DET,BAL,14,47,1,0,56
deandre swift,2021,4,DET,CHI,8,16,0,0,73
deandre swift,2021,5,DET,MIN,11,51,1,0,74
deandre swift,2021,6,DET,CIN,13,24,1,0,78
deandre swift,2021,7,DET,LAR,13,48,0,0,75
deandre swift,2021,8,DET,PHI,12,27,0,1,71
deandre swift,2021,10,DET,PIT,33,130,0,0,93
deandre swift,2021,11,DET,CLE,14,136,1,0,73
deandre swift,2021,12,DET,CHI,3,0,0,0,20
deandre swift,2021,13,DET,MIN,0,0,0,0,0
dalvin cook,2017,1,MIN,NOR,22,127,0,0,78
dalvin cook,2017,2,MIN,PIT,12,64,0,0,57
dalvin cook,2017,3,MIN,TAM,27,97,1,0,73
dalvin cook,2017,4,MIN,DET,13,66,1,1,48
dalvin cook,2017,5,MIN,CHI,0,0,0,0,0
dalvin cook,2017,6,MIN,GNB,0,0,0,0,0
dalvin cook,2017,7,MIN,BAL,0,0,0,0,0
dalvin cook,2017,8,MIN,CLE,0,0,0,0,0
dalvin cook,2017,10,MIN,WAS,0,0,0,0,0
dalvin cook,2017,11,MIN,LAR,0,0,0,0,0
dalvin cook,2017,12,MIN,DET,0,0,0,0,0
dalvin cook,2017,13,MIN,ATL,0,0,0,0,0
dalvin cook,2017,14,MIN,CAR,0,0,0,0,0
dalvin cook,2017,15,MIN,CIN,0,0,0,0,0
dalvin cook,2017,16,MIN,GNB,0,0,0,0,0
dalvin cook,2017,17,MIN,CHI,0,0,0,0,0
dalvin cook,2018,1,MIN,SFO,16,40,0,1,80
dalvin cook,2018,2,MIN,GNB,10,38,0,0,68
dalvin cook,2018,3,MIN,BUF,0,0,0,0,0
dalvin cook,2018,4,MIN,LAR,10,20,0,0,24
dalvin cook,2018,5,MIN,PHI,0,0,0,0,0
dalvin cook,2018,6,MIN,ARI,0,0,0,0,0
dalvin cook,2018,7,MIN,NYJ,0,0,0,0,0
dalvin cook,2018,8,MIN,NOR,0,0,0,0,0
dalvin cook,2018,9,MIN,DET,10,89,0,0,57
dalvin cook,2018,11,MIN,CHI,9,12,0,1,88
dalvin cook,2018,12,MIN,GNB,10,29,0,0,59
dalvin cook,2018,13,MIN,NWE,9,84,0,0,77
dalvin cook,2018,14,MIN,SEA,13,55,0,0,86
dalvin cook,2018,15,MIN,MIA,19,136,2,0,61
dalvin cook,2018,16,MIN,DET,16,73,0,0,75
dalvin cook,2018,17,MIN,CHI,11,39,0,0,93
dalvin cook,2019,1,MIN,ATL,21,111,2,0,67
dalvin cook,2019,2,MIN,GNB,20,154,1,0,72
dalvin cook,2019,3,MIN,LVR,16,110,1,0,60
dalvin cook,2019,4,MIN,CHI,14,35,1,0,78
dalvin cook,2019,5,MIN,NYG,21,132,0,1,64
dalvin cook,2019,6,MIN,PHI,16,41,1,0,62
dalvin cook,2019,7,MIN,DET,25,142,2,0,70
dalvin cook,2019,8,MIN,WAS,23,98,1,0,71
dalvin cook,2019,9,MIN,KAN,21,71,0,0,81
dalvin cook,2019,10,MIN,DAL,26,97,1,0,78
dalvin cook,2019,11,MIN,DEN,11,26,1,0,81
dalvin cook,2019,13,MIN,SEA,9,29,1,1,44
dalvin cook,2019,14,MIN,DET,18,62,1,0,46
dalvin cook,2019,15,MIN,LAC,9,27,0,0,43
dalvin cook,2019,16,MIN,GNB,0,0,0,0,0
dalvin cook,2019,17,MIN,CHI,0,0,0,0,0
dalvin cook,2020,1,MIN,GNB,12,50,2,0,58
dalvin cook,2020,2,MIN,IND,14,63,1,0,80
dalvin cook,2020,3,MIN,TEN,22,181,1,1,74
dalvin cook,2020,4,MIN,HOU,27,130,2,0,74
dalvin cook,2020,5,MIN,SEA,17,65,1,0,41
dalvin cook,2020,6,MIN,ATL,0,0,0,0,0
dalvin cook,2020,8,MIN,GNB,30,163,3,0,88
dalvin cook,2020,9,MIN,DET,22,206,2,0,66
dalvin cook,2020,10,MIN,CHI,30,96,0,0,80
dalvin cook,2020,11,MIN,DAL,27,115,1,1,80
dalvin cook,2020,12,MIN,CAR,18,61,0,1,63
dalvin cook,2020,13,MIN,JAX,32,120,0,0,87
dalvin cook,2020,14,MIN,TAM,22,102,1,0,68
dalvin cook,2020,15,MIN,CHI,24,132,1,0,76
dalvin cook,2020,16,MIN,NOR,15,73,1,0,58
dalvin cook,2020,17,MIN,DET,0,0,0,0,0
dalvin cook,2021,1,MIN,CIN,20,61,1,1,71
dalvin cook,2021,2,MIN,ARI,22,131,0,0,77
dalvin cook,2021,3,MIN,SEA,0,0,0,0,0
dalvin cook,2021,4,MIN,CLE,9,34,0,0,49
dalvin cook,2021,5,MIN,DET,0,0,0,0,0
dalvin cook,2021,6,MIN,CAR,29,140,1,0,74
dalvin cook,2021,8,MIN,DAL,18,78,0,0,71
dalvin cook,2021,9,MIN,BAL,17,110,0,0,80
dalvin cook,2021,10,MIN,LAC,24,94,1,0,82
dalvin cook,2021,11,MIN,GNB,22,86,1,0,76
dalvin cook,2021,12,MIN,SFO,10,39,0,1,53
dalvin cook,2021,13,MIN,DET,0,0,0,0,0
david montgomery,2019,1,CHI,GNB,6,18,0,0,38
david montgomery,2019,2,CHI,DEN,18,62,1,0,45
david montgomery,2019,3,CHI,WAS,13,67,0,0,65
david montgomery,2019,4,CHI,MIN,21,53,0,0,69
david montgomery,2019,5,CHI,LVR,11,25,1,0,54
david montgomery,2019,7,CHI,NOR,2,6,0,1,47
david montgomery,2019,8,CHI,LAC,27,135,1,0,74
david montgomery,2019,9,CHI,PHI,14,40,2,0,73
david montgomery,2019,10,CHI,DET,17,60,0,0,61
david montgomery,2019,11,CHI,LAR,14,31,0,0,46
david montgomery,2019,12,CHI,NYG,13,22,0,0,63
david montgomery,2019,13,CHI,DET,16,75,0,0,60
david montgomery,2019,14,CHI,DAL,20,86,0,1,64
david montgomery,2019,15,CHI,GNB,14,39,0,0,43
david montgomery,2019,16,CHI,KAN,13,57,0,0,56
david montgomery,2019,17,CHI,MIN,23,113,1,0,65
david montgomery,2020,1,CHI,DET,13,64,0,0,45
david montgomery,2020,2,CHI,NYG,16,82,0,0,54
david montgomery,2020,3,CHI,ATL,14,45,0,0,56
david montgomery,2020,4,CHI,IND,10,27,0,0,85
david montgomery,2020,5,CHI,TAM,10,29,1,0,81
david montgomery,2020,6,CHI,CAR,19,58,0,0,85
david montgomery,2020,7,CHI,LAR,14,48,0,0,83
david montgomery,2020,8,CHI,NOR,21,89,0,0,84
david montgomery,2020,9,CHI,TEN,14,30,0,1,65
david montgomery,2020,10,CHI,MIN,0,0,0,0,0
david montgomery,2020,12,CHI,GNB,11,103,0,0,85
david montgomery,2020,13,CHI,DET,17,72,2,0,75
david montgomery,2020,14,CHI,HOU,11,113,1,0,67
david montgomery,2020,15,CHI,MIN,32,146,2,0,88
david montgomery,2020,16,CHI,JAX,23,95,1,0,83
david montgomery,2020,17,CHI,GNB,22,69,1,0,83
david montgomery,2021,1,CHI,LAR,16,108,1,0,59
david montgomery,2021,2,CHI,CIN,20,61,0,0,80
david montgomery,2021,3,CHI,CLE,10,34,0,0,82
david montgomery,2021,4,CHI,DET,23,106,2,0,62
david montgomery,2021,5,CHI,LVR,0,0,0,0,0
david montgomery,2021,6,CHI,GNB,0,0,0,0,0
david montgomery,2021,7,CHI,TAM,0,0,0,0,0
david montgomery,2021,8,CHI,SFO,0,0,0,0,0
david montgomery,2021,9,CHI,PIT,13,63,0,0,85
david montgomery,2021,11,CHI,BAL,14,58,0,0,95
david montgomery,2021,12,CHI,DET,17,46,0,0,84
david montgomery,2021,13,CHI,ARI,21,90,1,0,70
clyde edwards-ehlaire,2020,1,KAN,HOU,25,138,1,0,67
clyde edwards-ehlaire,2020,2,KAN,LAC,10,38,0,0,62
clyde edwards-ehlaire,2020,3,KAN,BAL,20,64,0,0,69
clyde edwards-ehlaire,2020,4,KAN,NWE,16,64,0,0,73
clyde edwards-ehlaire,2020,5,KAN,LVR,10,40,0,0,60
clyde edwards-ehlaire,2020,6,KAN,BUF,26,161,0,0,67
clyde edwards-ehlaire,2020,7,KAN,DEN,8,46,1,0,53
clyde edwards-ehlaire,2020,8,KAN,NYJ,6,21,0,0,50
clyde edwards-ehlaire,2020,9,KAN,CAR,5,14,0,0,40
clyde edwards-ehlaire,2020,11,KAN,LVR,14,69,2,0,51
clyde edwards-ehlaire,2020,12,KAN,TAM,11,37,0,0,59
clyde edwards-ehlaire,2020,13,KAN,DEN,0,0,0,0,0
clyde edwards-ehlaire,2020,14,KAN,MIA,16,32,0,0,74
clyde edwards-ehlaire,2020,15,KAN,NOR,14,79,0,0,46
clyde edwards-ehlaire,2020,16,KAN,ATL,0,0,0,0,0
clyde edwards-ehlaire,2020,17,KAN,LAC,0,0,0,0,0
clyde edwards-ehlaire,2021,1,KAN,CLE,14,43,0,0,72
clyde edwards-ehlaire,2021,2,KAN,BAL,13,46,0,1,65
clyde edwards-ehlaire,2021,3,KAN,LAC,17,100,0,1,62
clyde edwards-ehlaire,2021,4,KAN,PHI,14,102,0,0,52
clyde edwards-ehlaire,2021,5,KAN,BUF,7,13,0,0,26
clyde edwards-ehlaire,2021,6,KAN,WAS,0,0,0,0,0
clyde edwards-ehlaire,2021,7,KAN,TEN,0,0,0,0,0
clyde edwards-ehlaire,2021,8,KAN,NYG,0,0,0,0,0
clyde edwards-ehlaire,2021,9,KAN,GNB,0,0,0,0,0
clyde edwards-ehlaire,2021,10,KAN,LVR,0,0,0,0,0
clyde edwards-ehlaire,2021,11,KAN,DAL,12,63,1,0,47
clyde edwards-ehlaire,2021,13,KAN,DEN,14,54,0,0,51
javonte williams,2021,1,DEN,NYG,14,45,0,0,50
javonte williams,2021,2,DEN,JAX,13,64,0,0,41
javonte williams,2021,3,DEN,NYJ,12,29,1,1,40
javonte williams,2021,4,DEN,BAL,7,48,0,0,51
javonte williams,2021,5,DEN,PIT,8,61,0,0,42
javonte williams,2021,6,DEN,LVR,11,53,0,0,47
javonte williams,2021,7,DEN,CLE,4,20,0,0,42
javonte williams,2021,8,DEN,WAS,9,35,0,0,43
javonte williams,2021,9,DEN,DAL,17,111,0,0,47
javonte williams,2021,10,DEN,PHI,8,48,0,0,57
javonte williams,2021,12,DEN,LAC,14,54,1,0,58
javonte williams,2021,13,DEN,KAN,23,102,0,0,78
austin ekeler,2017,1,LAC,DEN,0,0,0,0,5
austin ekeler,2017,2,LAC,MIA,0,0,0,0,0
austin ekeler,2017,3,LAC,KAN,0,0,0,0,8
austin ekeler,2017,4,LAC,PHI,1,35,1,0,5
austin ekeler,2017,5,LAC,NYG,4,0,0,0,15
austin ekeler,2017,6,LAC,LVR,1,1,0,0,11
austin ekeler,2017,7,LAC,DEN,7,38,0,0,31
austin ekeler,2017,8,LAC,NWE,2,8,0,0,30
austin ekeler,2017,10,LAC,JAX,10,42,0,1,33
austin ekeler,2017,11,LAC,BUF,6,40,1,0,43
austin ekeler,2017,12,LAC,DAL,6,15,0,0,38
austin ekeler,2017,13,LAC,CLE,4,19,0,0,29
austin ekeler,2017,14,LAC,WAS,4,49,0,0,25
austin ekeler,2017,15,LAC,KAN,2,13,0,1,16
austin ekeler,2017,16,LAC,NYJ,0,0,0,0,0
austin ekeler,2017,17,LAC,LVR,0,0,0,0,0
austin ekeler,2018,1,LAC,KAN,5,39,0,0,27
austin ekeler,2018,2,LAC,BUF,11,77,0,0,41
austin ekeler,2018,3,LAC,LAR,4,47,0,1,35
austin ekeler,2018,4,LAC,SFO,8,25,0,0,34
austin ekeler,2018,5,LAC,LVR,6,15,0,0,36
austin ekeler,2018,6,LAC,CLE,7,60,0,0,35
austin ekeler,2018,7,LAC,TEN,12,42,0,0,95
austin ekeler,2018,9,LAC,SEA,3,21,0,0,18
austin ekeler,2018,10,LAC,LVR,3,19,0,0,36
austin ekeler,2018,11,LAC,DEN,6,29,0,0,23
austin ekeler,2018,12,LAC,ARI,5,35,1,0,38
austin ekeler,2018,13,LAC,PIT,13,21,0,0,78
austin ekeler,2018,14,LAC,CIN,15,66,1,0,68
austin ekeler,2018,15,LAC,KAN,0,0,0,0,0
austin ekeler,2018,16,LAC,BAL,0,0,0,0,0
austin ekeler,2018,17,LAC,DEN,8,58,1,0,25
austin ekeler,2019,1,LAC,IND,12,58,1,0,75
austin ekeler,2019,2,LAC,DET,17,66,1,1,74
austin ekeler,2019,3,LAC,HOU,9,36,0,0,65
austin ekeler,2019,4,LAC,MIA,18,60,1,0,72
austin ekeler,2019,5,LAC,DEN,3,7,0,1,66
austin ekeler,2019,6,LAC,PIT,5,14,0,0,45
austin ekeler,2019,7,LAC,TEN,5,7,0,0,59
austin ekeler,2019,8,LAC,CHI,3,3,0,0,53
austin ekeler,2019,9,LAC,GNB,12,70,0,0,34
austin ekeler,2019,10,LAC,LVR,6,19,0,0,45
austin ekeler,2019,11,LAC,KAN,5,24,0,0,58
austin ekeler,2019,13,LAC,DEN,9,16,0,0,52
austin ekeler,2019,14,LAC,JAX,8,101,0,0,48
austin ekeler,2019,15,LAC,MIN,7,19,0,0,48
austin ekeler,2019,16,LAC,LVR,4,11,0,0,54
austin ekeler,2019,17,LAC,KAN,9,46,0,0,58
austin ekeler,2020,1,LAC,CIN,19,84,0,0,68
austin ekeler,2020,2,LAC,KAN,16,93,0,0,57
austin ekeler,2020,3,LAC,CAR,12,59,1,0,72
austin ekeler,2020,4,LAC,TAM,2,12,0,0,6
austin ekeler,2020,5,LAC,NOR,0,0,0,0,0
austin ekeler,2020,7,LAC,JAX,0,0,0,0,0
austin ekeler,2020,8,LAC,DEN,0,0,0,0,0
austin ekeler,2020,9,LAC,LVR,0,0,0,0,0
austin ekeler,2020,10,LAC,MIA,0,0,0,0,0
austin ekeler,2020,11,LAC,NYJ,0,0,0,0,0
austin ekeler,2020,12,LAC,BUF,14,44,0,0,72
austin ekeler,2020,13,LAC,NWE,8,36,0,0,60
austin ekeler,2020,14,LAC,ATL,15,79,0,0,60
austin ekeler,2020,15,LAC,LVR,13,60,0,0,62
austin ekeler,2020,16,LAC,DEN,10,45,0,0,65
austin ekeler,2020,17,LAC,KAN,7,18,0,0,43
austin ekeler,2021,1,LAC,WAS,15,57,1,0,58
austin ekeler,2021,2,LAC,DAL,9,54,0,0,63
austin ekeler,2021,3,LAC,KAN,11,55,0,0,74
austin ekeler,2021,4,LAC,LVR,15,117,1,0,60
austin ekeler,2021,5,LAC,CLE,17,66,2,1,71
austin ekeler,2021,6,LAC,BAL,6,7,0,0,61
austin ekeler,2021,8,LAC,NWE,11,64,1,0,75
austin ekeler,2021,9,LAC,PHI,17,59,0,0,67
austin ekeler,2021,10,LAC,MIN,11,44,0,0,71
austin ekeler,2021,11,LAC,PIT,11,50,2,0,70
austin ekeler,2021,12,LAC,DEN,12,31,0,0,68
austin ekeler,2021,13,LAC,CIN,14,59,1,2,73
josh jacobs,2019,1,LVR,DEN,23,85,2,0,73
josh jacobs,2019,2,LVR,KAN,12,99,0,0,48
josh jacobs,2019,3,LVR,MIN,10,44,0,0,42
josh jacobs,2019,4,LVR,IND,17,79,0,0,53
josh jacobs,2019,5,LVR,CHI,26,123,2,0,68
josh jacobs,2019,7,LVR,GNB,21,124,0,0,56
josh jacobs,2019,8,LVR,HOU,15,66,0,0,55
josh jacobs,2019,9,LVR,DET,28,120,2,0,60
josh jacobs,2019,10,LVR,LAC,16,71,1,0,52
josh jacobs,2019,11,LVR,CIN,23,112,0,1,63
josh jacobs,2019,12,LVR,NYJ,10,34,0,0,40
josh jacobs,2019,13,LVR,KAN,17,104,0,0,58
josh jacobs,2019,14,LVR,TEN,0,0,0,0,0
josh jacobs,2019,15,LVR,JAX,24,89,0,0,57
josh jacobs,2019,16,LVR,LAC,0,0,0,0,0
josh jacobs,2019,17,LVR,DEN,0,0,0,0,0
josh jacobs,2020,1,LVR,CAR,25,93,3,0,78
josh jacobs,2020,2,LVR,NOR,27,88,0,0,66
josh jacobs,2020,3,LVR,NWE,16,71,0,1,59
josh jacobs,2020,4,LVR,BUF,15,48,0,0,68
josh jacobs,2020,5,LVR,KAN,23,77,2,0,64
josh jacobs,2020,7,LVR,TAM,10,17,0,0,49
josh jacobs,2020,8,LVR,CLE,31,129,0,0,67
josh jacobs,2020,9,LVR,LAC,14,65,1,0,57
josh jacobs,2020,10,LVR,DEN,21,112,2,0,60
josh jacobs,2020,11,LVR,KAN,17,55,1,0,75
josh jacobs,2020,12,LVR,ATL,7,27,0,1,60
josh jacobs,2020,13,LVR,NYJ,0,0,0,0,0
josh jacobs,2020,14,LVR,IND,13,49,0,0,43
josh jacobs,2020,15,LVR,LAC,26,76,1,0,68
josh jacobs,2020,16,LVR,MIA,13,69,0,0,50
josh jacobs,2020,17,LVR,DEN,15,89,2,0,55
josh jacobs,2021,1,LVR,BAL,10,34,2,0,52
josh jacobs,2021,2,LVR,PIT,0,0,0,0,0
josh jacobs,2021,3,LVR,MIA,0,0,0,0,0
josh jacobs,2021,4,LVR,LAC,13,40,0,0,63
josh jacobs,2021,5,LVR,CHI,15,48,1,0,69
josh jacobs,2021,6,LVR,DEN,16,53,1,0,64
josh jacobs,2021,7,LVR,PHI,6,29,1,0,36
josh jacobs,2021,9,LVR,NYG,13,76,0,0,49
josh jacobs,2021,10,LVR,KAN,7,16,0,0,57
josh jacobs,2021,11,LVR,CIN,9,37,0,0,66
josh jacobs,2021,12,LVR,DAL,22,87,1,0,66
josh jacobs,2021,13,LVR,WAS,13,52,1,0,85
james robinson,2020,1,JAX,IND,16,62,0,0,68
james robinson,2020,2,JAX,TEN,16,102,1,0,50
james robinson,2020,3,JAX,MIA,11,46,2,0,45
james robinson,2020,4,JAX,CIN,17,75,0,0,76
james robinson,2020,5,JAX,HOU,13,48,0,1,57
james robinson,2020,6,JAX,DET,12,29,0,0,69
james robinson,2020,7,JAX,LAC,22,119,1,0,90
james robinson,2020,9,JAX,HOU,25,99,1,0,72
james robinson,2020,10,JAX,GNB,23,109,0,0,83
james robinson,2020,11,JAX,PIT,17,73,0,0,71
james robinson,2020,12,JAX,CLE,22,128,1,0,97
james robinson,2020,13,JAX,MIN,18,78,1,0,85
james robinson,2020,14,JAX,TEN,12,67,0,0,56
james robinson,2020,15,JAX,BAL,16,35,0,0,62
james robinson,2020,16,JAX,CHI,0,0,0,0,0
james robinson,2020,17,JAX,IND,0,0,0,0,0
james robinson,2021,1,JAX,HOU,5,25,0,0,63
james robinson,2021,2,JAX,DEN,11,47,0,0,73
james robinson,2021,3,JAX,ARI,15,88,1,0,59
james robinson,2021,4,JAX,CIN,18,78,2,0,95
james robinson,2021,5,JAX,TEN,18,149,1,0,68
james robinson,2021,6,JAX,MIA,17,73,1,0,85
james robinson,2021,8,JAX,SEA,4,22,0,0,11
james robinson,2021,9,JAX,BUF,0,0,0,0,0
james robinson,2021,10,JAX,IND,12,57,1,0,59
james robinson,2021,11,JAX,SFO,12,29,1,0,63
james robinson,2021,12,JAX,ATL,17,86,0,1,52
james robinson,2021,13,JAX,LAR,8,24,0,1,44
johnathon taylor,2020,1,IND,JAX,9,22,0,0,35
johnathon taylor,2020,2,IND,MIN,26,101,1,0,67
johnathon taylor,2020,3,IND,NYJ,13,59,1,0,41
johnathon taylor,2020,4,IND,CHI,17,68,0,0,46
johnathon taylor,2020,5,IND,CLE,12,57,1,0,55
johnathon taylor,2020,6,IND,CIN,12,60,0,0,59
johnathon taylor,2020,8,IND,DET,11,22,0,0,34
johnathon taylor,2020,9,IND,BAL,6,27,1,1,32
johnathon taylor,2020,10,IND,TEN,7,12,0,0,24
johnathon taylor,2020,11,IND,GNB,22,90,0,0,55
johnathon taylor,2020,12,IND,TEN,0,0,0,0,0
johnathon taylor,2020,13,IND,HOU,13,91,0,0,48
johnathon taylor,2020,14,IND,LVR,20,150,2,0,56
johnathon taylor,2020,15,IND,HOU,16,83,1,0,69
johnathon taylor,2020,16,IND,PIT,18,74,2,0,58
johnathon taylor,2020,17,IND,JAX,30,253,2,0,82
johnathon taylor,2021,1,IND,SEA,17,56,0,0,55
johnathon taylor,2021,2,IND,LAR,15,51,0,0,45
johnathon taylor,2021,3,IND,TEN,10,64,0,0,48
johnathon taylor,2021,4,IND,MIA,16,103,1,0,51
johnathon taylor,2021,5,IND,BAL,15,53,1,0,52
johnathon taylor,2021,6,IND,HOU,14,145,2,0,65
johnathon taylor,2021,7,IND,SFO,18,107,1,1,69
johnathon taylor,2021,8,IND,TEN,16,70,1,0,74
johnathon taylor,2021,9,IND,NYJ,19,172,2,0,69
johnathon taylor,2021,10,IND,JAX,21,116,1,0,84
johnathon taylor,2021,11,IND,BUF,32,185,4,0,83
johnathon taylor,2021,12,IND,TAM,16,83,1,0,71
johnathon taylor,2021,13,IND,HOU,32,143,2,1,76
derrick henry,2016,1,TEN,MIN,5,3,0,0,31
derrick henry,2016,2,TEN,DET,9,40,0,0,46
derrick henry,2016,3,TEN,LVR,10,45,0,0,35
derrick henry,2016,4,TEN,HOU,3,9,0,0,13
derrick henry,2016,5,TEN,MIA,7,54,0,0,30
derrick henry,2016,6,TEN,CLE,2,7,0,0,15
derrick henry,2016,7,TEN,IND,1,3,0,0,8
derrick henry,2016,8,TEN,JAX,16,60,1,0,48
derrick henry,2016,9,TEN,LAC,0,0,0,0,0
derrick henry,2016,10,TEN,GNB,9,31,0,0,32
derrick henry,2016,11,TEN,IND,0,0,0,0,4
derrick henry,2016,12,TEN,CHI,8,60,1,0,24
derrick henry,2016,14,TEN,DEN,12,42,0,0,27
derrick henry,2016,15,TEN,KAN,9,58,2,0,26
derrick henry,2016,16,TEN,JAX,4,13,0,0,24
derrick henry,2016,17,TEN,HOU,15,65,1,0,46
derrick henry,2017,1,TEN,LVR,6,25,0,0,28
derrick henry,2017,2,TEN,JAX,14,92,1,0,44
derrick henry,2017,3,TEN,SEA,13,54,0,0,41
derrick henry,2017,4,TEN,HOU,6,7,0,0,44
derrick henry,2017,5,TEN,MIA,4,9,0,0,19
derrick henry,2017,6,TEN,IND,19,131,1,0,56
derrick henry,2017,7,TEN,CLE,13,13,0,0,42
derrick henry,2017,9,TEN,BAL,8,26,1,0,37
derrick henry,2017,10,TEN,CIN,11,52,0,0,31
derrick henry,2017,11,TEN,PIT,7,32,0,0,25
derrick henry,2017,12,TEN,IND,13,79,0,0,55
derrick henry,2017,13,TEN,HOU,11,109,1,0,44
derrick henry,2017,14,TEN,ARI,8,20,1,0,22
derrick henry,2017,15,TEN,SFO,7,19,0,0,24
derrick henry,2017,16,TEN,LAR,8,25,0,0,32
derrick henry,2017,17,TEN,JAX,28,51,0,0,97
derrick henry,2018,1,TEN,MIA,10,26,0,0,29
derrick henry,2018,2,TEN,HOU,18,56,0,0,42
derrick henry,2018,3,TEN,JAX,18,57,0,0,52
derrick henry,2018,4,TEN,PHI,8,24,0,0,39
derrick henry,2018,5,TEN,BUF,11,56,0,0,39
derrick henry,2018,6,TEN,BAL,7,21,0,0,27
derrick henry,2018,7,TEN,LAC,12,33,1,0,34
derrick henry,2018,9,TEN,DAL,6,27,1,0,20
derrick henry,2018,10,TEN,NWE,11,58,2,0,23
derrick henry,2018,11,TEN,IND,9,46,0,0,33
derrick henry,2018,12,TEN,HOU,8,30,0,1,49
derrick henry,2018,13,TEN,NYJ,10,40,1,0,41
derrick henry,2018,14,TEN,JAX,17,238,4,0,40
derrick henry,2018,15,TEN,NYG,33,170,2,0,70
derrick henry,2018,16,TEN,WAS,21,84,1,0,62
derrick henry,2018,17,TEN,IND,16,93,0,0,53
derrick henry,2019,1,TEN,CLE,19,84,1,0,61
derrick henry,2019,2,TEN,IND,15,82,1,0,51
derrick henry,2019,3,TEN,JAX,17,44,1,0,47
derrick henry,2019,4,TEN,ATL,27,100,0,0,76
derrick henry,2019,5,TEN,BUF,20,78,1,0,62
derrick henry,2019,6,TEN,DEN,15,28,0,0,55
derrick henry,2019,7,TEN,LAC,22,90,1,0,74
derrick henry,2019,8,TEN,TAM,16,75,0,1,66
derrick henry,2019,9,TEN,CAR,13,63,1,0,53
derrick henry,2019,10,TEN,KAN,23,188,2,0,72
derrick henry,2019,12,TEN,JAX,19,159,2,1,75
derrick henry,2019,13,TEN,IND,26,149,1,1,75
derrick henry,2019,14,TEN,LVR,18,103,2,0,61
derrick henry,2019,15,TEN,HOU,21,86,0,0,59
derrick henry,2019,16,TEN,NOR,0,0,0,0,0
derrick henry,2019,17,TEN,HOU,32,211,3,0,76
derrick henry,2020,1,TEN,DEN,31,116,0,0,75
derrick henry,2020,2,TEN,JAX,25,84,0,0,71
derrick henry,2020,3,TEN,MIN,26,119,2,0,75
derrick henry,2020,5,TEN,BUF,19,57,2,0,52
derrick henry,2020,6,TEN,HOU,22,212,2,0,60
derrick henry,2020,7,TEN,PIT,20,75,1,0,74
derrick henry,2020,8,TEN,CIN,18,112,1,0,52
derrick henry,2020,9,TEN,CHI,21,68,0,0,53
derrick henry,2020,10,TEN,IND,19,103,0,0,58
derrick henry,2020,11,TEN,BAL,28,133,1,0,79
derrick henry,2020,12,TEN,IND,27,178,3,0,64
derrick henry,2020,13,TEN,CLE,15,60,0,1,55
derrick henry,2020,14,TEN,JAX,26,215,2,0,64
derrick henry,2020,15,TEN,DET,24,147,1,0,63
derrick henry,2020,16,TEN,GNB,23,98,0,0,71
derrick henry,2020,17,TEN,HOU,34,250,2,1,82
derrick henry,2021,1,TEN,ARI,17,58,0,0,63
derrick henry,2021,2,TEN,SEA,35,182,3,0,76
derrick henry,2021,3,TEN,IND,28,113,0,0,72
derrick henry,2021,4,TEN,NYJ,33,157,1,0,59
derrick henry,2021,5,TEN,JAX,29,130,3,0,77
derrick henry,2021,6,TEN,BUF,20,143,3,0,81
derrick henry,2021,7,TEN,KAN,29,86,0,0,74
derrick henry,2021,8,TEN,IND,28,68,0,0,74
derrick henry,2021,9,TEN,LAR,0,0,0,0,0
derrick henry,2021,10,TEN,NOR,0,0,0,0,0
derrick henry,2021,11,TEN,HOU,0,0,0,0,0
derrick henry,2021,12,TEN,NWE,0,0,0,0,0
damien harris,2020,1,NWE,MIA,0,0,0,0,0
damien harris,2020,2,NWE,SEA,0,0,0,0,0
damien harris,2020,3,NWE,LVR,0,0,0,0,0
damien harris,2020,4,NWE,KAN,17,100,0,0,31
damien harris,2020,6,NWE,DEN,6,19,0,0,21
damien harris,2020,7,NWE,SFO,10,58,0,0,40
damien harris,2020,8,NWE,BUF,16,102,1,0,31
damien harris,2020,9,NWE,NYJ,14,71,0,0,35
damien harris,2020,10,NWE,BAL,22,121,0,0,55
damien harris,2020,11,NWE,HOU,11,43,1,0,38
damien harris,2020,12,NWE,ARI,14,47,0,0,64
damien harris,2020,13,NWE,LAC,16,80,0,0,49
damien harris,2020,14,NWE,LAR,11,50,0,0,37
damien harris,2020,15,NWE,MIA,0,0,0,0,0
damien harris,2020,16,NWE,BUF,0,0,0,0,0
damien harris,2020,17,NWE,NYJ,0,0,0,0,0
damien harris,2021,1,NWE,MIA,23,100,0,1,53
damien harris,2021,2,NWE,NYJ,16,62,1,0,42
damien harris,2021,3,NWE,NOR,6,14,0,0,31
damien harris,2021,4,NWE,TAM,4,-4,0,0,61
damien harris,2021,5,NWE,HOU,14,58,1,1,33
damien harris,2021,6,NWE,DAL,18,101,1,0,48
damien harris,2021,7,NWE,NYJ,14,106,2,0,46
damien harris,2021,8,NWE,LAC,23,80,1,0,53
damien harris,2021,9,NWE,CAR,15,30,1,0,39
damien harris,2021,10,NWE,CLE,0,0,0,0,0
damien harris,2021,11,NWE,ATL,10,56,0,0,39
damien harris,2021,12,NWE,TEN,11,40,1,0,37
damien harris,2021,13,NWE,BUF,10,111,1,0,25
devin singletary,2019,1,BUF,NYJ,4,70,0,0,68
devin singletary,2019,2,BUF,NYG,6,57,1,0,33
devin singletary,2019,3,BUF,CIN,0,0,0,0,0
devin singletary,2019,4,BUF,NWE,0,0,0,0,0
devin singletary,2019,5,BUF,TEN,0,0,0,0,0
devin singletary,2019,7,BUF,MIA,7,26,0,0,38
devin singletary,2019,8,BUF,PHI,3,19,0,0,68
devin singletary,2019,9,BUF,WAS,20,95,1,0,66
devin singletary,2019,10,BUF,CLE,8,42,0,0,68
devin singletary,2019,11,BUF,MIA,15,75,0,0,73
devin singletary,2019,12,BUF,DEN,21,106,0,0,70
devin singletary,2019,13,BUF,DAL,14,63,0,0,79
devin singletary,2019,14,BUF,BAL,17,89,0,0,82
devin singletary,2019,15,BUF,PIT,21,87,0,1,71
devin singletary,2019,16,BUF,NWE,15,46,0,0,96
devin singletary,2019,17,BUF,NYJ,0,0,0,0,0
devin singletary,2020,1,BUF,NYJ,9,30,0,0,59
devin singletary,2020,2,BUF,MIA,10,56,0,0,56
devin singletary,2020,3,BUF,LAR,13,71,0,0,89
devin singletary,2020,4,BUF,LVR,18,56,1,0,89
devin singletary,2020,5,BUF,TEN,11,25,0,0,63
devin singletary,2020,6,BUF,KAN,10,32,0,0,75
devin singletary,2020,7,BUF,NYJ,8,29,0,0,54
devin singletary,2020,8,BUF,NWE,14,86,0,0,48
devin singletary,2020,9,BUF,SEA,2,1,0,0,46
devin singletary,2020,10,BUF,ARI,4,15,0,0,47
devin singletary,2020,12,BUF,LAC,11,82,0,1,40
devin singletary,2020,13,BUF,SFO,18,61,0,0,85
devin singletary,2020,14,BUF,PIT,7,32,0,0,40
devin singletary,2020,15,BUF,DEN,8,68,1,0,53
devin singletary,2020,16,BUF,NWE,10,36,0,0,49
devin singletary,2020,17,BUF,MIA,3,7,0,0,28
devin singletary,2021,1,BUF,PIT,11,72,0,0,75
devin singletary,2021,2,BUF,MIA,13,82,1,0,66
devin singletary,2021,3,BUF,WAS,11,26,0,0,43
devin singletary,2021,4,BUF,HOU,14,79,0,0,44
devin singletary,2021,5,BUF,KAN,6,25,0,0,26
devin singletary,2021,6,BUF,TEN,5,27,0,0,45
devin singletary,2021,8,BUF,MIA,7,28,0,0,34
devin singletary,2021,9,BUF,JAX,6,16,0,0,72
devin singletary,2021,10,BUF,NYJ,7,43,1,0,38
devin singletary,2021,11,BUF,IND,3,17,0,0,38
devin singletary,2021,12,BUF,NOR,15,44,0,0,68
devin singletary,2021,13,BUF,NWE,10,36,0,0,48
myles gaskin,2020,1,MIA,NWE,9,40,0,0,63
myles gaskin,2020,2,MIA,BUF,7,46,0,0,65
myles gaskin,2020,3,MIA,JAX,22,66,0,0,75
myles gaskin,2020,4,MIA,SEA,10,40,0,0,65
myles gaskin,2020,5,MIA,SFO,16,57,1,0,63
myles gaskin,2020,6,MIA,NYJ,18,91,0,0,70
myles gaskin,2020,8,MIA,LAR,18,47,1,1,88
myles gaskin,2020,9,MIA,ARI,0,0,0,0,0
myles gaskin,2020,10,MIA,LAC,0,0,0,0,0
myles gaskin,2020,11,MIA,DEN,0,0,0,0,0
myles gaskin,2020,12,MIA,NYJ,0,0,0,0,0
myles gaskin,2020,13,MIA,CIN,21,90,0,1,71
myles gaskin,2020,14,MIA,KAN,0,0,0,0,0
myles gaskin,2020,15,MIA,NWE,0,0,0,0,0
myles gaskin,2020,16,MIA,LVR,14,87,0,0,76
myles gaskin,2020,17,MIA,BUF,7,20,1,0,61
myles gaskin,2021,1,MIA,NWE,9,49,0,0,54
myles gaskin,2021,2,MIA,BUF,5,25,0,0,61
myles gaskin,2021,3,MIA,LVR,13,65,0,0,52
myles gaskin,2021,4,MIA,IND,2,3,0,0,23
myles gaskin,2021,5,MIA,TAM,5,25,0,0,69
myles gaskin,2021,6,MIA,JAX,5,9,0,0,36
myles gaskin,2021,7,MIA,ATL,15,67,0,0,63
myles gaskin,2021,8,MIA,BUF,12,36,0,0,58
myles gaskin,2021,9,MIA,HOU,20,34,1,1,72
myles gaskin,2021,10,MIA,BAL,14,31,0,0,61
myles gaskin,2021,11,MIA,NYJ,23,89,0,0,74
myles gaskin,2021,12,MIA,CAR,16,49,2,0,50
myles gaskin,2021,13,MIA,NYG,15,44,0,0,64
micheal carter,2021,1,NYJ,CAR,4,6,0,0,25
micheal carter,2021,2,NYJ,NWE,11,59,0,0,45
micheal carter,2021,3,NYJ,DEN,9,24,0,0,43
micheal carter,2021,4,NYJ,TEN,13,38,1,0,51
micheal carter,2021,5,NYJ,ATL,10,38,1,0,52
micheal carter,2021,7,NYJ,NWE,11,37,0,1,72
micheal carter,2021,8,NYJ,CIN,15,77,1,0,70
micheal carter,2021,9,NYJ,IND,13,49,0,0,58
micheal carter,2021,10,NYJ,BUF,16,39,1,0,52
micheal carter,2021,11,NYJ,MIA,9,63,0,0,33
micheal carter,2021,12,NYJ,HOU,0,0,0,0,0
micheal carter,2021,13,NYJ,PHI,0,0,0,0,0
najee harris,2021,1,PIT,BUF,16,45,0,0,100
najee harris,2021,2,PIT,LVR,10,38,0,0,95
najee harris,2021,3,PIT,CIN,14,40,0,0,95
najee harris,2021,4,PIT,GNB,15,62,1,0,80
najee harris,2021,5,PIT,DEN,23,122,1,0,65
najee harris,2021,6,PIT,SEA,24,81,0,0,84
najee harris,2021,8,PIT,CLE,26,91,1,0,84
najee harris,2021,9,PIT,CHI,22,62,1,0,82
najee harris,2021,10,PIT,DET,26,105,0,0,87
najee harris,2021,11,PIT,LAC,12,39,1,0,75
najee harris,2021,12,PIT,CIN,8,23,0,0,58
najee harris,2021,13,PIT,BAL,21,71,0,0,97
nick chubb,2018,1,CLE,PIT,3,21,0,0,4
nick chubb,2018,2,CLE,NOR,2,14,0,0,5
nick chubb,2018,3,CLE,NYJ,2,6,0,0,6
nick chubb,2018,4,CLE,LVR,3,105,2,0,4
nick chubb,2018,5,CLE,BAL,3,2,0,0,14
nick chubb,2018,6,CLE,LAC,3,25,0,0,9
nick chubb,2018,7,CLE,TAM,18,80,1,0,66
nick chubb,2018,8,CLE,PIT,18,65,0,0,48
nick chubb,2018,9,CLE,KAN,22,85,1,0,49
nick chubb,2018,10,CLE,ATL,20,176,1,0,79
nick chubb,2018,12,CLE,CIN,28,84,1,0,72
nick chubb,2018,13,CLE,HOU,9,31,1,0,47
nick chubb,2018,14,CLE,CAR,13,66,1,0,63
nick chubb,2018,15,CLE,DEN,20,100,0,0,60
nick chubb,2018,16,CLE,CIN,19,112,0,0,57
nick chubb,2018,17,CLE,BAL,9,24,0,0,37
nick chubb,2019,1,CLE,TEN,17,75,0,0,70
nick chubb,2019,2,CLE,NYJ,18,62,1,0,63
nick chubb,2019,3,CLE,LAR,23,96,0,0,99
nick chubb,2019,4,CLE,BAL,20,165,3,0,63
nick chubb,2019,5,CLE,SFO,16,87,0,0,83
nick chubb,2019,6,CLE,SEA,20,122,2,1,87
nick chubb,2019,8,CLE,NWE,20,131,0,2,65
nick chubb,2019,9,CLE,DEN,20,65,0,0,60
nick chubb,2019,10,CLE,BUF,20,116,0,0,81
nick chubb,2019,11,CLE,PIT,27,92,0,0,73
nick chubb,2019,12,CLE,MIA,21,106,1,0,57
nick chubb,2019,13,CLE,PIT,16,58,0,0,59
nick chubb,2019,14,CLE,CIN,15,106,0,0,70
nick chubb,2019,15,CLE,ARI,17,127,1,0,50
nick chubb,2019,16,CLE,BAL,15,45,0,0,65
nick chubb,2019,17,CLE,CIN,13,41,0,0,57
nick chubb,2020,1,CLE,BAL,10,60,0,1,48
nick chubb,2020,2,CLE,CIN,22,124,2,0,62
nick chubb,2020,3,CLE,WAS,19,108,2,0,54
nick chubb,2020,4,CLE,DAL,6,43,0,0,18
nick chubb,2020,5,CLE,IND,0,0,0,0,0
nick chubb,2020,6,CLE,PIT,0,0,0,0,0
nick chubb,2020,7,CLE,CIN,0,0,0,0,0
nick chubb,2020,8,CLE,LVR,0,0,0,0,0
nick chubb,2020,10,CLE,HOU,19,126,1,0,43
nick chubb,2020,11,CLE,PHI,20,114,0,0,45
nick chubb,2020,12,CLE,JAX,19,144,1,0,61
nick chubb,2020,13,CLE,TEN,18,80,1,0,49
nick chubb,2020,14,CLE,BAL,17,82,2,0,52
nick chubb,2020,15,CLE,NYG,15,50,1,0,59
nick chubb,2020,16,CLE,NYJ,11,28,1,0,58
nick chubb,2020,17,CLE,PIT,14,108,1,0,44
nick chubb,2021,1,CLE,KAN,15,83,2,1,53
nick chubb,2021,2,CLE,HOU,11,95,1,0,57
nick chubb,2021,3,CLE,CHI,22,84,0,0,49
nick chubb,2021,4,CLE,MIN,21,100,0,0,47
nick chubb,2021,5,CLE,LAC,21,161,1,0,56
nick chubb,2021,6,CLE,ARI,0,0,0,0,0
nick chubb,2021,7,CLE,DEN,0,0,0,0,0
nick chubb,2021,8,CLE,PIT,16,61,0,0,56
nick chubb,2021,9,CLE,CIN,14,137,2,0,56
nick chubb,2021,10,CLE,NWE,0,0,0,0,0
nick chubb,2021,11,CLE,DET,22,130,0,0,57
nick chubb,2021,12,CLE,BAL,8,16,0,0,50
joe mixon,2017,1,CIN,BAL,8,9,0,0,36
joe mixon,2017,2,CIN,HOU,9,36,0,0,25
joe mixon,2017,3,CIN,GNB,18,62,0,0,56
joe mixon,2017,4,CIN,CLE,17,29,0,0,48
joe mixon,2017,5,CIN,BUF,15,51,1,0,55
joe mixon,2017,7,CIN,PIT,7,48,0,0,43
joe mixon,2017,8,CIN,IND,11,18,0,1,62
joe mixon,2017,9,CIN,JAX,13,31,1,0,72
joe mixon,2017,10,CIN,TEN,9,37,1,0,61
joe mixon,2017,11,CIN,DEN,20,49,0,0,64
joe mixon,2017,12,CIN,CLE,23,114,1,0,75
joe mixon,2017,13,CIN,PIT,7,34,0,0,27
joe mixon,2017,14,CIN,CHI,0,0,0,0,0
joe mixon,2017,15,CIN,MIN,0,0,0,0,0
joe mixon,2017,16,CIN,DET,3,12,0,0,7
joe mixon,2017,17,CIN,BAL,18,96,0,1,32
joe mixon,2018,1,CIN,IND,17,95,1,0,79
joe mixon,2018,2,CIN,BAL,21,84,0,0,51
joe mixon,2018,3,CIN,CAR,0,0,0,0,0
joe mixon,2018,4,CIN,ATL,0,0,0,0,0
joe mixon,2018,5,CIN,MIA,22,93,0,0,78
joe mixon,2018,6,CIN,PIT,11,64,1,0,69
joe mixon,2018,7,CIN,KAN,13,50,0,0,77
joe mixon,2018,8,CIN,TAM,21,123,2,0,83
joe mixon,2018,10,CIN,NOR,11,61,0,0,67
joe mixon,2018,11,CIN,BAL,12,14,1,0,62
joe mixon,2018,12,CIN,CLE,14,89,0,0,72
joe mixon,2018,13,CIN,DEN,12,82,0,0,57
joe mixon,2018,14,CIN,LAC,26,111,1,0,70
joe mixon,2018,15,CIN,LVR,27,129,2,0,65
joe mixon,2018,16,CIN,CLE,17,68,0,0,81
joe mixon,2018,17,CIN,PIT,13,105,0,0,65
joe mixon,2019,1,CIN,SEA,6,10,0,0,37
joe mixon,2019,2,CIN,SFO,11,17,0,0,55
joe mixon,2019,3,CIN,BUF,15,60,0,0,58
joe mixon,2019,4,CIN,PIT,15,62,0,0,64
joe mixon,2019,5,CIN,ARI,19,93,0,0,62
joe mixon,2019,6,CIN,BAL,8,10,0,0,49
joe mixon,2019,7,CIN,JAX,10,2,0,0,54
joe mixon,2019,8,CIN,LAR,17,66,0,0,53
joe mixon,2019,10,CIN,BAL,30,114,0,0,75
joe mixon,2019,11,CIN,LVR,15,86,1,0,62
joe mixon,2019,12,CIN,PIT,18,79,0,0,68
joe mixon,2019,13,CIN,NYJ,19,44,1,0,80
joe mixon,2019,14,CIN,CLE,23,146,1,0,59
joe mixon,2019,15,CIN,NWE,25,136,0,0,67
joe mixon,2019,16,CIN,MIA,21,50,0,0,43
joe mixon,2019,17,CIN,CLE,26,162,2,0,74
joe mixon,2020,1,CIN,LAC,19,69,0,1,59
joe mixon,2020,2,CIN,CLE,16,46,0,0,50
joe mixon,2020,3,CIN,PHI,17,49,0,0,72
joe mixon,2020,4,CIN,JAX,25,151,2,0,83
joe mixon,2020,5,CIN,BAL,24,59,0,0,76
joe mixon,2020,6,CIN,IND,18,54,1,0,53
joe mixon,2020,7,CIN,CLE,0,0,0,0,0
joe mixon,2020,8,CIN,TEN,0,0,0,0,0
joe mixon,2020,10,CIN,PIT,0,0,0,0,0
joe mixon,2020,11,CIN,WAS,0,0,0,0,0
joe mixon,2020,12,CIN,NYG,0,0,0,0,0
joe mixon,2020,13,CIN,MIA,0,0,0,0,0
joe mixon,2020,14,CIN,DAL,0,0,0,0,0
joe mixon,2020,15,CIN,PIT,0,0,0,0,0
joe mixon,2020,16,CIN,HOU,0,0,0,0,0
joe mixon,2020,17,CIN,BAL,0,0,0,0,0
joe mixon,2021,1,CIN,MIN,29,127,1,0,78
joe mixon,2021,2,CIN,CHI,20,69,0,0,84
joe mixon,2021,3,CIN,PIT,18,90,0,0,74
joe mixon,2021,4,CIN,JAX,16,67,1,0,69
joe mixon,2021,5,CIN,GNB,10,33,1,0,28
joe mixon,2021,6,CIN,DET,18,94,0,0,63
joe mixon,2021,7,CIN,BAL,12,59,1,0,54
joe mixon,2021,8,CIN,NYJ,14,33,1,0,76
joe mixon,2021,9,CIN,CLE,13,64,2,0,63
joe mixon,2021,11,CIN,LVR,30,123,2,0,72
joe mixon,2021,12,CIN,PIT,28,165,2,0,72
joe mixon,2021,13,CIN,LAC,19,54,1,1,66